model,term,coefficient,std_error,pvalue,nobs
FE,const,-67.42492282278849,127.17726613211522,0.5995471206384995,57
FE,X1_lag1,0.11529507353235659,0.1044059841068306,0.2774521326505728,57
FE,X2_lag1,0.35511338633978357,0.44059703885896967,0.42602322993870434,57
FE,X3_lag1,-32.466731903122046,22.654790183331666,0.16123401436824292,57
FE,X4_lag1,0.5314970565144593,0.13503242418980876,0.00040325776000837976,57
FE,X5_lag1,0.02249113704247391,0.034517119849240656,0.519175808030039,57
FE,X6_lag1,-0.1730228828071365,0.248010100617819,0.49028611844829983,57
FE,X7_lag1,0.28643666496441167,0.09881725345853738,0.006614222242954604,57
FE,X8_lag1,-3.471348133574714,5.619317148118137,0.5409783835530184,57
FE,X9_lag1,0.009071972597287072,0.12044685450605432,0.9404154258332187,57
FE,X10_lag1,35.89634954492817,9.053386250636503,0.00037159926478302907,57
FE,C1_lag1,0.20074786771756611,12.007521812385708,0.9867618539716159,57
FE,C2_lag1,60.97244717372869,86.40955092841475,0.4853751088153073,57
