country_iso3,year,AI_READY
ARG,2012,
ARG,2013,
ARG,2014,
ARG,2015,
ARG,2016,
ARG,2017,
ARG,2018,
ARG,2019,5.684
ARG,2020,50.754
ARG,2021,
ARG,2022,57.39
ARG,2023,57.72
ARG,2024,
ARG,2025,
AUS,2012,
AUS,2013,
AUS,2014,
AUS,2015,
AUS,2016,
AUS,2017,
AUS,2018,
AUS,2019,8.126
AUS,2020,73.577
AUS,2021,
AUS,2022,75.29
AUS,2023,73.89
AUS,2024,
AUS,2025,
BRA,2012,
BRA,2013,
BRA,2014,
BRA,2015,
BRA,2016,
BRA,2017,
BRA,2018,
BRA,2019,6.157
BRA,2020,47.464
BRA,2021,
BRA,2022,62.37
BRA,2023,63.7
BRA,2024,
BRA,2025,
CAN,2012,
CAN,2013,
CAN,2014,
CAN,2015,
CAN,2016,
CAN,2017,
CAN,2018,
CAN,2019,8.674
CAN,2020,73.158
CAN,2021,
CAN,2022,77.39
CAN,2023,77.07
CAN,2024,
CAN,2025,
DEU,2012,
DEU,2013,
DEU,2014,
DEU,2015,
DEU,2016,
DEU,2017,
DEU,2018,
DEU,2019,8.81
DEU,2020,78.974
DEU,2021,
DEU,2022,72.64
DEU,2023,75.26
DEU,2024,
DEU,2025,
FRA,2012,
FRA,2013,
FRA,2014,
FRA,2015,
FRA,2016,
FRA,2017,
FRA,2018,
FRA,2019,8.608
FRA,2020,73.767
FRA,2021,
FRA,2022,75.78
FRA,2023,76.07
FRA,2024,
FRA,2025,
GBR,2012,
GBR,2013,
GBR,2014,
GBR,2015,
GBR,2016,
GBR,2017,
GBR,2018,
GBR,2019,9.069
GBR,2020,81.124
GBR,2021,
GBR,2022,78.54
GBR,2023,78.57
GBR,2024,
GBR,2025,
IND,2012,
IND,2013,
IND,2014,
IND,2015,
IND,2016,
IND,2017,
IND,2018,
IND,2019,7.515
IND,2020,55.983
IND,2021,
IND,2022,63.67
IND,2023,62.58
IND,2024,
IND,2025,
MKD,2012,
MKD,2013,
MKD,2014,
MKD,2015,
MKD,2016,
MKD,2017,
MKD,2018,
MKD,2019,5.284
MKD,2020,42.995
MKD,2021,
MKD,2022,46.11
MKD,2023,45.4
MKD,2024,
MKD,2025,
SRB,2012,
SRB,2013,
SRB,2014,
SRB,2015,
SRB,2016,
SRB,2017,
SRB,2018,
SRB,2019,5.364
SRB,2020,53.431
SRB,2021,
SRB,2022,52.96
SRB,2023,55.57
SRB,2024,
SRB,2025,
SVN,2012,
SVN,2013,
SVN,2014,
SVN,2015,
SVN,2016,
SVN,2017,
SVN,2018,
SVN,2019,6.232
SVN,2020,55.986
SVN,2021,
SVN,2022,61.45
SVN,2023,62.63
SVN,2024,
SVN,2025,
USA,2012,
USA,2013,
USA,2014,
USA,2015,
USA,2016,
USA,2017,
USA,2018,
USA,2019,8.804
USA,2020,85.479
USA,2021,
USA,2022,85.72
USA,2023,84.8
USA,2024,
USA,2025,
