sample,year,n,mean,std,cv
full,2012,12,52.951016202826146,19.95251762350396,0.3768108537724161
developed_eu,2012,3,71.78236753706081,4.700174007797607,0.0654781134847765
developed_non_eu,2012,3,67.7480957394745,3.124947409042562,0.0461259814749562
balkan,2012,3,42.26053340753192,11.968114156048172,0.2831983695197549
developing,2012,3,30.01306812723736,13.908980141296816,0.463430798955012
developed_eu,2013,3,72.70808285321787,4.875825702527942,0.0670602979915066
developed_non_eu,2013,3,68.22081740311977,2.261438199717499,0.0331487995277828
developing,2013,3,31.611486791957137,14.76120910327821,0.4669571286040833
balkan,2013,3,44.06752507074211,11.56951283643977,0.2625405628717995
full,2013,12,54.15197802975923,19.58051678610803,0.3615845163651742
developing,2014,3,31.91953462551571,14.396728965969446,0.451031919320686
full,2014,12,53.84672883988723,20.43501419729462,0.3795033540116792
developed_non_eu,2014,3,69.77392784387212,1.160753293191382,0.0166359172983454
developed_eu,2014,3,73.5560622621281,4.24220177296072,0.0576730407052378
balkan,2014,3,40.13739062803299,10.18884494214982,0.2538492109906534
developing,2015,3,32.48848048242711,14.22823808817771,0.437947170101529
full,2015,12,54.249068072213134,20.286628458057702,0.3739534922711179
developed_non_eu,2015,3,70.39431991127258,1.4297178439276446,0.0203101307851217
developed_eu,2015,3,73.4607779284298,4.621200899972145,0.0629070509500241
balkan,2015,3,40.65269396672306,10.269006655273875,0.2526033493298069
developing,2016,3,39.80573292995262,16.27802796557484,0.408936772856809
developed_non_eu,2016,3,69.12696960395381,1.9974677414955584,0.0288956358558687
full,2016,12,58.90012724298547,16.398051655026418,0.2784043502551057
developed_eu,2016,3,73.73506536193106,5.082345540519725,0.0689271178586858
balkan,2016,3,52.93274107610434,9.840238978423072,0.1859008012503115
balkan,2017,3,48.66823344959398,10.397531139278314,0.2136410221268275
full,2017,12,59.17898008092714,18.16635141420288,0.306973039909786
developed_eu,2017,3,77.29109559992506,4.664080507456648,0.060344344600818
developing,2017,3,38.42505855678261,10.787447330223324,0.2807399060767124
developed_non_eu,2017,3,72.33153271740683,2.345064069077885,0.0324210476534466
developed_non_eu,2018,3,73.8387676817345,3.226474974258874,0.0436962191482646
developing,2018,3,42.63773690513324,9.190901185673,0.2155579036974284
developed_eu,2018,3,79.18499950450929,3.783105427135668,0.0477755313608385
full,2018,12,61.4339643898679,17.090157852318125,0.2781874492725517
balkan,2018,3,50.07435346809459,8.380546062311796,0.1673620422808164
balkan,2019,3,51.33685523806667,8.533999679315274,0.1662353418365846
developed_eu,2019,3,79.78355596701128,3.731629749245175,0.0467719156412146
full,2019,12,62.29185471241374,16.805079771119523,0.269779730411054
developing,2019,3,43.53672891993188,7.961415000578223,0.1828666323374916
developed_non_eu,2019,3,74.51027872464509,3.549107078629322,0.0476324493664176
full,2020,12,62.09970733580665,14.960693239293752,0.2409140699873705
developed_eu,2020,3,77.68115944649372,4.633194572513448,0.0596437360812664
developed_non_eu,2020,3,71.13264109479825,4.7420145746574764,0.0666643962838074
developing,2020,3,45.15798526421032,9.759330555494229,0.2161152783587297
balkan,2020,3,54.42704353772433,9.296465296797797,0.1708059944566758
developed_non_eu,2021,3,72.13076112302565,4.667104811108658,0.0647033905984782
developing,2021,3,47.026784880222294,10.197243992652158,0.2168390634959341
developed_eu,2021,3,78.29546452437056,4.2906317872861415,0.0548005151173299
balkan,2021,3,55.85792993268617,9.092370975254076,0.1627767263522153
full,2021,12,63.327735115076166,14.531558893613507,0.2294659499065843
full,2022,12,64.17529748557114,13.733039520631095,0.2139926117789912
balkan,2022,3,57.859206300120945,9.942451266824508,0.1718387081781266
developing,2022,3,48.46593101846771,9.709958925764845,0.2003460724207467
developed_non_eu,2022,3,72.48073290226559,4.418683807395585,0.0609635641150845
developed_eu,2022,3,77.8953197214303,2.9622538850820725,0.0380286504462104
balkan,2023,3,61.59349639190541,9.04387605462731,0.1468316719200868
developed_eu,2023,3,78.6097497701694,2.1431146221351796,0.0272627075954443
developed_non_eu,2023,3,76.46787958345128,4.045682314818792,0.0529069504327452
developing,2023,3,53.10031818458435,6.761695077146055,0.1273381273091703
full,2023,12,67.4428609825276,12.192275117951192,0.1807793284616119
balkan,2024,3,63.103685806933605,8.713084956386826,0.1380756899532715
developed_non_eu,2024,3,76.64990368382848,4.409225654253331,0.0575242165005301
developed_eu,2024,3,80.67914462764922,4.164075181773287,0.0516127829687752
developing,2024,3,55.76673865776697,5.5846600797964445,0.1001432074783637
full,2024,12,69.04986819404456,11.685934888993708,0.1692390614874714
developed_non_eu,2025,3,76.69580926763842,4.426442446051786,0.0577142674198173
balkan,2025,3,63.13968534999984,8.826291658976068,0.1397899215057791
full,2025,12,69.19122682510972,11.474443309646674,0.1658366795352523
developed_eu,2025,3,80.64019741034222,4.22270879750587,0.0523648122538487
developing,2025,3,56.28921527245844,4.805878905740787,0.0853783248261455
