metric,n,mean,std,min,p25,median,p75,max
DMI,168,60.46555208816242,16.267084116563996,17.252046997181875,47.54461728800357,65.85085908195042,73.68420752804471,83.99789112646609
DMI|group=balkan,42,51.95860120374858,10.983898541780256,31.686972213820038,43.43322754979167,52.11338025111665,59.856246666440555,70.85538768278754
DMI|group=developed_eu,42,76.314216503384,4.379156896424123,67.98633807011925,73.21785711988309,76.01720357100075,79.84916363365963,83.99789112646609
DMI|group=developed_non_eu,42,71.09654165621906,4.510850960436989,63.42563981781133,67.87523652364139,70.06099344996983,73.78414190014806,81.75899623857697
DMI|group=developing,42,42.492848989298,11.813244998782242,17.252046997181875,36.795798757451244,43.78407369495544,49.53344192507238,60.177677410251626
pillar_infrastructure,168,53.05868751349943,17.661575356001993,0.02063715696977911,46.65578001992157,55.585771626050494,64.75701847373381,80.49435256210377
pillar_e_government,168,69.59459235566953,23.67414092402047,0.0,56.0826679192109,79.46349355461615,85.94801941443558,100.0
pillar_skills,168,78.89597887964452,21.203146316937623,0.0,72.1700340330757,85.39296095764306,92.45299000106989,100.0
pillar_trust_innovation,168,53.16271400456968,23.182369911424964,6.822848823731782,32.07805372407017,54.84122018474022,75.08735204887546,86.56633255824579
pillar_digital_economy,168,47.61578768742888,12.959047297480623,6.501266556527522,41.947723873475496,49.90055841891204,57.02944348194667,68.2733638904038
