country_iso3,year,DMI,DMI_pca,DMI_shock_mean,DMI_shock_std
ARG,2012,40.51704167420029,38.5402297518764,40.63677898734035,0.8173479329518637
ARG,2013,42.621026286146694,40.54198119665571,42.75821947918671,0.9493886832115745
ARG,2014,42.23650505061616,42.097120650784035,42.39950796889734,0.9228761789323202
ARG,2015,43.247631650997555,43.0912187808018,43.42565228905464,0.9743386035093025
ARG,2016,53.38936264786946,52.527779602863866,53.46552869258684,0.97131267820923
ARG,2017,47.457842782748735,45.50145177059096,47.73059215779483,1.0395739361404879
ARG,2018,49.056966807912495,47.97388737408539,49.358513899656046,1.0760021871037382
ARG,2019,48.95859925031074,48.45470023727267,49.27069399974009,1.099830127940931
ARG,2020,54.24712429114341,50.121627278790974,54.652113690401265,1.2487835341893776
ARG,2021,56.79737971857144,51.08021977716306,57.20065775106904,1.2627849707362202
ARG,2022,56.85899881087809,53.504279948306795,57.243321247911055,1.3008942649448951
ARG,2023,58.46442573240353,55.851563878675734,58.82587457928493,1.3090540838343152
ARG,2024,60.177677410251626,57.43536715564274,60.55398820918157,1.3886904120757473
ARG,2025,60.16688683225659,57.45946275423872,60.54319130430815,1.389495371721857
AUS,2012,64.72788026918673,75.671641373049,64.78011833533076,0.6514095994440342
AUS,2013,66.02872202537887,76.89034138228229,66.10083885161266,0.7077399417970971
AUS,2014,69.5129572496889,81.58496164189364,69.61302585423792,0.7545433429446882
AUS,2015,69.35215563732694,81.11215182438863,69.45409666894344,0.7987813192822282
AUS,2016,70.9885795447654,81.21139785632745,71.12383922504627,0.9709895768621806
AUS,2017,71.20383667387654,85.1747701330037,71.31000249863659,0.7919571028101384
AUS,2018,72.23880907112228,86.14632992226977,72.35685783202868,0.8240295062271875
AUS,2019,73.13561206227975,87.10143620906747,73.2696555664598,0.8908945760688413
AUS,2020,70.11012488325798,84.97943236110402,70.38249806519593,1.0806545063356718
AUS,2021,71.00214261251666,85.39069472140146,71.28508952745801,1.0967706597067535
AUS,2022,71.08833928057635,85.57349680964532,71.36539957712428,1.1010460787029093
AUS,2023,74.44336016961951,88.39361731053685,74.629543971675,1.0117494636712825
AUS,2024,74.68478492803831,88.01668413355146,74.8769854891801,1.0674220296447121
AUS,2025,74.76960491421364,87.890414200607,74.96185520816277,1.0597518184933619
BRA,2012,35.28294589215956,42.31393779590377,35.39342926132343,0.4611618876605146
BRA,2013,37.37551575125133,44.200115558007965,37.49601979989568,0.5647425450827999
BRA,2014,38.04980026747927,43.253424732400816,38.17970879451735,0.6666878423359481
BRA,2015,37.86173051249823,43.37602187061223,38.00986417242241,0.6383451486827356
BRA,2016,44.265049001390985,50.868384911709235,44.330199828228004,0.551552517174392
BRA,2017,41.33669624635793,45.5588306618192,41.51684766151384,0.6510884788708241
BRA,2018,46.74712326514217,53.51537620765864,46.976022475044566,0.6888406877723818
BRA,2019,47.255149896833984,54.29291663111862,47.50001160042745,0.7496047056601834
BRA,2020,46.382748182075375,51.27889527033816,46.7950664406631,1.1704246134243186
BRA,2021,47.83230395996064,52.4378182031176,48.22818944973061,1.139906810884843
BRA,2022,50.707612101124525,55.817351152170744,51.0598721189709,1.0260019813493564
BRA,2023,55.33154060664353,59.150399931565964,55.60245033500267,0.8784602686312546
BRA,2024,57.635105642774796,61.851155128471376,57.92461681286968,0.9454557327390105
BRA,2025,57.788288670009194,61.509094050959504,58.077889656459,0.9373876330712295
CAN,2012,67.54822680984844,76.24834565039396,67.5465897677542,0.8220983856719168
CAN,2013,68.08798709873506,77.4895743148158,68.0984896734935,0.8664118090687437
CAN,2014,68.76587505667169,78.89731036870926,68.78174913523154,0.8631613166783256
CAN,2015,69.80656782581686,80.14245121276223,69.83493517370914,0.8933773434995786
CAN,2016,67.01689210375731,77.45550587655767,67.1725710913548,0.9907743775201852
CAN,2017,70.76335078789674,83.6750297123104,70.80503734023549,0.8824847078956805
CAN,2018,71.72494533065343,83.71707741826086,71.77400331978933,0.8950253230971398
CAN,2019,71.85412888238233,83.27039250224593,71.89062120706132,0.8103241671374483
CAN,2020,66.98529987522207,78.24877458736752,67.17550253253938,0.8106938237814737
CAN,2021,68.13146078595348,78.53875573474905,68.32406780653216,0.8241445131228903
CAN,2022,68.92596551760712,79.52862566623716,69.11682459409585,0.8412665697676011
CAN,2023,73.83410908619972,83.10355996260485,73.89431462736249,0.8329559847942853
CAN,2024,73.5649082585455,83.20444398099646,73.62389136842802,0.8457416235610384
CAN,2025,73.55882665012467,83.2180243467001,73.61780619415588,0.8462640896492315
DEU,2012,70.02337433998167,78.89672338287556,70.03229471546445,0.5539372041191787
DEU,2013,71.31821529706727,80.44706462854657,71.33408482037945,0.6111859072024716
DEU,2014,70.32509515006288,79.21267683750443,70.34188622655967,0.7356352028419373
DEU,2015,70.59028241980057,79.5687587057923,70.61379791967566,0.7331133227107671
DEU,2016,72.49964679787172,81.09634876075543,72.56730827725126,0.6161201187295426
DEU,2017,77.3782127905284,89.88957746169864,77.3320424168545,0.5684963523341295
DEU,2018,80.75199817862642,94.75904431146175,80.738180184951,0.4969820313859822
DEU,2019,81.29332804473663,95.70375554107811,81.28437064433662,0.5007562236606161
DEU,2020,77.80070081474169,89.83887798357397,77.8411617890175,0.6606769837743668
DEU,2021,78.25708341576978,90.74815510422407,78.30065063337284,0.6979354671150946
DEU,2022,78.44430918109686,91.88810431953432,78.5244155527369,0.6626929235014475
DEU,2023,79.84289840536874,93.4220018803194,79.90765873253478,0.6432796472872612
DEU,2024,83.98175549484475,98.92117759872164,84.07315066885873,0.5987234224184059
DEU,2025,83.99789112646609,98.88514637751928,84.08929576134295,0.5971129266780565
FRA,2012,68.21539442322761,80.57984403660261,68.29028495279456,0.6203253688673341
FRA,2013,68.67809574161659,81.40385675100889,68.75476063724558,0.6247377974466181
FRA,2014,71.98298587312662,86.34889211345278,72.07888159989366,0.5871412662134715
FRA,2015,71.00042695994097,85.34031869952673,71.07000655981378,0.5257109476707492
FRA,2016,69.3843199624804,80.85132645103461,69.45871989894508,0.6111562359219963
FRA,2017,72.58406673814125,87.33989478765007,72.57529135001776,0.5538506769308411
FRA,2018,74.87017279105106,89.88174404552002,74.88014779931547,0.5589729917680757
FRA,2019,75.5336017184505,90.67191487836983,75.54901435662934,0.5807507403060825
FRA,2020,72.98935094487233,87.27758190905061,73.07997418010108,0.651671886338121
FRA,2021,74.02415204266838,88.55301502765018,74.11298983321686,0.7045052943412656
FRA,2022,74.69697376255593,89.67763260676612,74.77778928977645,0.7319169524702444
FRA,2023,76.13509886204955,90.69144587689853,76.19511938826821,0.7490934363319735
FRA,2024,76.00143981287722,90.21037630686519,76.06628704951997,0.8035583691961741
FRA,2025,75.8993758185406,90.43828745673775,75.96416321163477,0.8148725378974034
GBR,2012,77.10833384797311,85.33892689921613,77.08110202070193,0.8456601968048747
GBR,2013,78.12793752096974,86.73111117086918,78.11109284500749,0.8630226780683324
GBR,2014,78.3601057631948,87.57802904295309,78.34216536961969,0.814041737606046
GBR,2015,78.79162440554788,88.03495127703965,78.77523240371738,0.8104217353562202
GBR,2016,79.32122932544108,87.87837278268415,79.44244744611014,0.9042434898061981
GBR,2017,81.91100727110555,96.05726327521778,81.88679212318888,0.7321018592693197
GBR,2018,81.93282754385038,96.85011755256566,81.90327557282038,0.672957245887635
GBR,2019,82.52373813784669,97.33766752033958,82.50210406821678,0.7005227188552476
GBR,2020,82.25342657986714,98.24013297267665,82.32773058525943,0.6455789827030326
GBR,2021,82.6051581146735,98.75922751848864,82.68531472466485,0.6776062645433101
GBR,2022,80.54467622063811,95.37355548037802,80.62401573667839,0.7362231267724504
GBR,2023,79.85125204308991,95.32293480479046,79.95707985485653,0.7532535827681921
GBR,2024,82.05423857522565,98.42438178718412,82.17616264494174,0.745968538459458
GBR,2025,82.02332528601997,98.49341184362085,82.14523123023609,0.7488277887782817
IND,2012,14.23921681535224,0.5653823094728628,14.110165719953821,1.1549210153531437
IND,2013,14.837918338473386,0.0,14.714339726912968,1.1621429344718885
IND,2014,15.472298558451701,0.9268926328819249,15.353926663419298,1.119007565205835
IND,2015,16.356079283785547,1.0368920484846866,16.24375339729419,1.099759847912061
IND,2016,21.762787140597403,13.205510932015644,21.68015910491058,1.3939593973749038
IND,2017,26.48063664124117,12.762363192099361,26.277882405648608,1.155931582419951
IND,2018,32.109120642345054,21.531239001778147,31.952573296836817,1.2364229941568998
IND,2019,34.39643761265093,22.71404316214596,34.282890393826094,1.1692704138576222
IND,2020,34.84408331941217,18.702660125474583,34.90868123167077,0.96310486971476
IND,2021,36.45067096213482,20.18061944241597,36.5372435060314,0.94924480227448
IND,2022,37.83118214340052,22.449033472720757,37.9117701301633,0.8804846966999159
IND,2023,45.50498821470601,28.976526065539783,45.56810672369911,1.3554426276575084
IND,2024,49.48743292027449,33.646284700672204,49.60013447078234,1.3230265273043347
IND,2025,50.912470315109545,34.427758787574824,51.04809367817303,1.3433703042657885
MKD,2012,33.28877539038907,33.228555975364436,33.38714434379234,0.7682499120967565
MKD,2013,35.784839966764125,35.948526357434794,35.918120868822,0.91177546585396
MKD,2014,31.840802605342564,30.066136682322842,31.954671668647457,1.2172593284750344
MKD,2015,31.703379830512564,30.142134438934878,31.828102873023433,1.2601713181776109
MKD,2016,42.466497500750364,45.39456213464111,42.58613233357333,1.1016391977241762
MKD,2017,38.470964864367666,39.3255979622676,38.70479641576918,1.0312774400287583
MKD,2018,42.48855093159117,44.44048585521253,42.75893194860651,1.0444161562042054
MKD,2019,43.4663457143325,44.945623541233346,43.746814677513825,1.0781196031187947
MKD,2020,44.83190297001061,43.645406950182334,45.202447596737684,1.1758331107164792
MKD,2021,46.29013656958051,44.199146265959754,46.65846226368997,1.182364604640489
MKD,2022,46.681557272132366,42.50182642865185,47.07129176611181,1.2857790336364399
MKD,2023,52.09033490285195,47.04161134689155,52.36890176889716,1.1177623903518303
MKD,2024,53.64375464019817,47.81837123064096,53.9473204444741,1.2513977365428623
MKD,2025,53.515173314162446,47.73176985397882,53.81647978039827,1.2419818943053633
SRB,2012,37.64331266856816,38.50743652865886,37.73036868510119,0.503792956387454
SRB,2013,39.13134192054769,39.48198845016986,39.24190117087639,0.6198749596258648
SRB,2014,37.06159081098118,35.00033700421341,37.17985883045159,0.9260515980563021
SRB,2015,38.3905246265982,36.24677443593796,38.52346032571408,0.9605095282094701
SRB,2016,54.33524774105001,54.9960873539489,54.39248968543492,0.5755585964344124
SRB,2017,48.2786586679435,48.996402020080644,48.52976774423963,0.7920170112254719
SRB,2018,48.663866204782146,47.94658452277526,48.92923239268939,0.8638703913761858
SRB,2019,50.136892341045254,48.646176916442755,50.42032129294992,0.9298680940260505
SRB,2020,55.05637376984156,50.7651072921239,55.282600074213484,0.7616066761865969
SRB,2021,56.89827114218757,52.59379532755008,57.132844306152904,0.8093633729421972
SRB,2022,61.17922962218373,57.02345320186555,61.46772060869582,0.9654816418577272
SRB,2023,62.59552577977765,58.05712910256666,62.875662096199754,0.9503635452795605
SRB,2024,64.86715072492385,60.02040777354687,65.17170673022618,1.002681653499209
SRB,2025,65.04849505304954,59.615461890185905,65.35315738662352,0.9916108420949055
SVN,2012,55.84951216363855,64.30944573823643,55.916240974344326,0.3814829811635314
SVN,2013,57.28639332491452,65.60478869571811,57.37232880969475,0.45036062220998424
SVN,2014,51.509778467775256,56.536065849527404,51.55366309328197,0.6950197371099092
SVN,2015,51.8641774430584,56.199116324899535,51.914478055089056,0.7573740715198173
SVN,2016,61.99647798651266,69.76192955581223,62.074941590334845,0.5781818506822114
SVN,2017,59.25507681647076,69.0508841421909,59.43514532328819,0.676731828151607
SVN,2018,59.07064326791046,68.75705643224848,59.252284259542954,0.7203765422489307
SVN,2019,60.407327658822275,70.01735810017801,60.60402482861031,0.7654964239643282
SVN,2020,63.39285387332084,72.25698837030858,63.69297436962942,0.9688350530345503
SVN,2021,64.38538208629043,73.6890899874579,64.68940287938418,1.0045838496795996
SVN,2022,65.71683200604673,74.76266622546315,66.02529386733873,1.0440336303230948
SVN,2023,70.09462849308665,77.99084744791593,70.30145651745559,0.8637508933457627
SVN,2024,70.80015205567881,78.81995692285604,71.00734209934463,0.8825337091460185
SVN,2025,70.85538768278754,78.69661454957244,71.0626101129571,0.8777064777781617
USA,2012,70.9681801393883,84.04355488087167,70.89395249932062,0.7181851075803021
USA,2013,70.54574308524535,83.70988347986905,70.45644480594599,0.6930548658235001
USA,2014,71.04295122525576,83.37881293839234,70.96244114266406,0.6845852862651949
USA,2015,72.0242362706739,84.4459043338681,71.9504316028856,0.6544568617017559
USA,2016,69.37543716333874,81.09853874044853,69.48835851538048,0.6984036451739709
USA,2017,75.02741069044723,90.48174050341593,74.97726390483331,0.7684340095641435
USA,2018,77.55254864342778,93.96677015735692,77.52053456994963,0.7269242558996433
USA,2019,78.5410952292732,94.93739938341783,78.51326014516273,0.6985198603358046
USA,2020,76.30249852591466,95.5945555018755,76.44267406935634,0.627307417954957
USA,2021,77.2586799706068,97.02777795721597,77.39849722344931,0.6111633923092197
USA,2022,77.42789390861331,97.23637268346762,77.56492649294778,0.6006824029017497
USA,2023,81.1261694945346,99.73616523752979,81.17680792275368,0.5990061471158349
USA,2024,81.70001786490164,100.0,81.75720764907791,0.6177353624937368
USA,2025,81.75899623857697,99.86829999110533,81.81622060375507,0.6135077552206448
