term,coefficient,std_error,within_variance,between_variance,pvalue,t_statistic,df,fraction_missing_information,n_imputations
C1_lag1,10.830893871733613,3.74290659190553,11.926928967074144,1.8931098078688424,0.0040117025140785495,2.8937120405720727,407.3253919304421,0.1486450709679805,10
C2_lag1,7.142671608027911,16.449165636685393,218.9339303985107,46.94647249509162,0.6645025731849052,0.4342269854768878,247.07380496420478,0.1908569164721099,10
X10_lag1,5.5761072417046655,3.8492719107820164,11.660157395246639,2.869760770807997,0.1490250930696634,1.448613496512338,198.2805487505804,0.21304983325714774,10
X1_lag1,0.03012301525506202,0.03188891116379289,0.0008805132103130957,0.0001239904044537991,0.3453070721909423,0.9446235119267449,500.3106508216104,0.13412241987971624,10
X2_lag1,0.27879324666602007,0.09141631202934036,0.007627338455198733,0.0006632760453154426,0.002341653580654115,3.049710062428907,1180.7645357324925,0.08730509804614654,10
X3_lag1,19.074032582769707,10.079087778079007,78.17597949601395,21.28366449291607,0.06013809104432384,1.8924363992794857,169.45299158407744,0.2304605714908174,10
X4_lag1,0.2823347834984681,0.04767431114023191,0.0021109845067685848,0.00014714130538823276,3.806741881677873e-09,5.922157588559436,1774.7028057860225,0.07121286144553221,10
X5_lag1,0.02175990386268491,0.07297428070939777,0.0017610391616635275,0.003240187712173142,0.76862321942173,0.29818593141518457,20.09074722233093,0.6693036755404596,10
X6_lag1,0.17214654320557907,0.09866392410669411,0.007556966202261731,0.0019796397435179677,0.08273182089455429,1.7447769766325292,179.85327419346382,0.22369798930370716,10
X7_lag1,0.014341357191649824,0.06045612387910818,0.002080990593119277,0.0014308657466970888,0.8134852455461621,0.23721926368166923,48.53114759393,0.43063663597277085,10
X8_lag1,0.5252999271135855,0.8457550278219474,0.6224779323889671,0.08438512245194182,0.5347974792588666,0.6211017491274959,534.445866181688,0.1297685325579086,10
X9_lag1,0.04220484353404436,0.10435878827377951,0.010018236437026422,0.0007932002299501074,0.6859651344008554,0.40442059774901074,1402.1923307970806,0.08011566852361646,10
const,-122.65132731249125,30.331857775757893,889.3398240396604,27.892520081040143,5.31144912006215e-05,-4.043647053182406,8092.406198032449,0.033348969435331235,10
