sample,variable,count,mean,std,min,25%,50%,75%,max,skew,kurtosis,n_missing
balkan,DMI,42.0,51.86509811601858,11.249704539196989,31.703379830512564,42.7329996272765,52.8027541085072,60.98625413134337,70.85538768278754,-0.13653243626295947,-0.9966041985732357,0
balkan,X1,42.0,117.50997394487128,9.749648135233517,99.4723867063031,109.42815420584324,119.6851303637575,126.1132824015955,131.35311754636,-0.2008476346554507,-1.2955704478231718,0
balkan,X2,42.0,25.57775157156556,5.728856372509194,14.8105248871613,20.74436838845525,26.71215475285435,29.8921727758887,34.2332575162942,-0.33225183417040594,-1.0705117798418562,0
balkan,X3,42.0,0.7124838095238095,0.11275965994965945,0.47198,0.6312,0.71308,0.77691,0.8781,-0.2944880112552486,-0.5963686387314246,0
balkan,X4,42.0,77.40492255840438,10.864199844702007,48.09999847,70.68171520389171,79.0265907702823,86.2903425325,93.6,-0.6804206131916591,0.14978197501686186,0
balkan,X5,18.0,76.77666666666667,10.795688137073116,58.44,67.53,80.675,84.17,89.17,-0.7146640299821262,-0.8834650045417693,24
balkan,X6,39.0,38.27435897435898,5.088390188443841,28.8,34.215,37.87,42.2,47.32,0.4499898753808389,-0.8789741595633265,3
balkan,X7,27.0,54.1682962962963,6.30514327791096,42.995,52.839999999999996,53.64,58.718,62.63,-0.2479965662098023,-0.785741453190381,15
balkan,X8,42.0,1.1382416666666668,0.7791720269773446,0.32676,0.4366225,0.8563799999999999,2.0502425,2.59426,0.6130911832903244,-1.2978410130531577,0
balkan,X9,42.0,14.319777984617243,6.609403777005746,6.63656204377462,8.721402728524591,11.87953577067745,19.957450987691,29.8640218665001,0.7860832740240331,-0.591185344173899,0
balkan,X10,42.0,0.6891214285714286,0.17744719732059394,0.24409,0.6087,0.7361,0.84783,0.8666,-1.0527239534255763,0.2074290246887598,0
balkan,C1,42.0,10.191922659745982,0.3583524390403377,9.752082844191033,9.898433972662593,10.06180460882996,10.553588140989694,10.80143137323311,0.5326313433330341,-1.3260039326750432,0
balkan,C2,39.0,0.7897948717948717,0.08663206513671225,0.68,0.705,0.778,0.89,0.912,0.2883920836669757,-1.4886180440813792,3
balkan,X1_lag1,39.0,117.23970990564725,9.723972954880912,99.4723867063031,109.7082502171815,119.153401263409,125.767384043481,131.35311754636,-0.18783239543153585,-1.282950327660337,3
balkan,X2_lag1,39.0,25.045267972340994,5.573030487890637,14.8105248871613,20.513864257362002,25.5111136181393,29.47721274102675,34.2332575162942,-0.28057178304176483,-1.108848596207204,3
balkan,X3_lag1,39.0,0.704605641025641,0.11119607778473957,0.47198,0.631195,0.71308,0.7741549999999999,0.8781,-0.2633906004142445,-0.5715999402144392,3
balkan,X4_lag1,39.0,76.39621742674318,10.599151426212071,48.09999847,70.3555193017915,78.36804864,83.69427881,93.6,-0.6627317054569273,0.22578566533778854,3
balkan,X5_lag1,15.0,75.18733333333334,11.079974514325169,58.44,67.53,80.52,82.5,89.17,-0.46696968201291117,-1.2884710046409724,27
balkan,X6_lag1,36.0,38.455555555555556,5.10657752004745,28.8,34.832499999999996,37.87,42.3775,47.32,0.42384908917854136,-0.8631434118623686,6
balkan,X7_lag1,24.0,54.122666666666674,6.196518774887739,42.995,52.839999999999996,53.64,57.352,62.63,-0.26116948416142394,-0.6272182810648466,18
balkan,X8_lag1,39.0,1.137407435897436,0.7826437958266097,0.32676,0.437395,0.84798,2.043235,2.59426,0.6278348167779852,-1.283517486099605,3
balkan,X9_lag1,39.0,13.871279493131125,6.202774544902779,6.63656204377462,8.68900406022197,11.6284345131118,18.82862954479615,28.5641919197405,0.7960078074350488,-0.6038540810106818,3
balkan,X10_lag1,39.0,0.6810487179487179,0.17991647974867447,0.24409,0.5919300000000001,0.7361,0.8333349999999999,0.8666,-0.9986791133016106,0.038171489543255,3
balkan,C1_lag1,39.0,10.177005578143508,0.3583577939150341,9.752082844191033,9.884887110080177,10.035490488891147,10.547863328844542,10.79257205895993,0.5722183163590434,-1.335476041496553,3
balkan,C2_lag1,39.0,0.7897948717948717,0.08663206513671226,0.68,0.705,0.778,0.89,0.912,0.2883920836669757,-1.4886180440813792,3
developed_eu,DMI,42.0,76.80736017961918,4.617589025002609,68.21539442322761,72.68538778982402,77.58945680263504,80.70016768912934,83.99789112646609,-0.258834846427203,-1.1118959854037098,0
developed_eu,X1,42.0,117.99952982689705,8.738319530957547,97.1924631662654,114.6315890108,119.8102791330825,123.27193471976926,132.003261888443,-0.7914299134332834,0.05515852099678398,0
developed_eu,X2,42.0,41.58851880955533,4.079840294507472,33.9047903389849,38.67766410117282,41.3369164385207,44.567531132933375,48.9251978969333,0.10227111034957553,-0.7444026711559197,0
developed_eu,X3,42.0,0.8791752380952383,0.04188156537469213,0.7864,0.86349,0.877,0.8999,0.9577,-0.2970094609666113,0.0347826848866335,0
developed_eu,X4,42.0,88.3131826331113,5.044627902480517,78.0060377071902,84.2260384252711,88.3941666445958,92.35735719350585,96.19650269,-0.15366585306185712,-1.0055762046601053,0
developed_eu,X5,18.0,87.49000000000001,4.109396692517112,80.0,84.42,89.39,90.83,90.91,-1.023009606574395,-0.5037070749243653,24
developed_eu,X6,39.0,57.601282051282055,3.0699452930897815,52.83,55.415,57.3,60.525,62.4,0.03258793728783576,-1.2474421314950859,3
developed_eu,X7,27.0,80.70370370370372,5.9274511698005945,72.64,75.925,78.57,86.08000000000001,90.69000000000001,0.5035410048151256,-1.2252879608315657,15
developed_eu,X8,42.0,2.5584159523809524,0.4178768043688938,1.57587,2.2241774999999997,2.67342,2.8957425,3.1539,-0.2680813548708449,-0.6566093916986913,0
developed_eu,X9,42.0,8.31913057713041,1.3508504559477557,6.32715341306055,7.2737174510149005,7.905521109672829,9.106396529370585,11.4732816343515,0.7391818410263101,-0.17573021746804773,0
developed_eu,X10,42.0,0.8900390476190475,0.09057159996942787,0.66929,0.844,0.89763,0.9588,1.0,-0.8846083037807806,0.07521958181211819,0
developed_eu,C1,42.0,10.910996040519652,0.08851537735221994,10.777508347082708,10.840170293822842,10.886239717102951,10.994608650646546,11.063162470656692,0.41425236336889704,-1.1558509143136644,0
developed_eu,C2,39.0,0.8920256410256409,0.04818030127032548,0.816,0.8405,0.922,0.929,0.943,-0.4930343567658839,-1.4816599368939491,3
developed_eu,X1_lag1,39.0,117.65379997685439,8.865477475497348,97.1924631662654,114.0723324522795,119.786558760596,123.1084705599855,132.003261888443,-0.7545085048881759,-0.08454506539566209,3
developed_eu,X2_lag1,39.0,41.28258562642219,4.001618702671874,33.9047903389849,38.57898183404695,41.1134869970784,44.2392826753897,48.9251978969333,0.1605107315156175,-0.6837679890698181,3
developed_eu,X3_lag1,39.0,0.8757707692307694,0.04032492916981513,0.7864,0.857945,0.877,0.897965,0.9577,-0.3845517086789479,0.1185498892582153,3
developed_eu,X4_lag1,39.0,87.98789125950447,5.028820053882202,78.0060377071902,84.1676033220606,87.5897993525767,91.8150718520117,96.19650269,-0.0736421882660448,-1.0026782619798675,3
developed_eu,X5_lag1,15.0,87.65466666666666,3.933342574646124,80.0,84.42,89.61,90.83,90.91,-1.0857324300870896,-0.1930151265966087,27
developed_eu,X6_lag1,36.0,57.479166666666664,3.0732387522890945,52.83,55.0,57.25,60.162499999999994,62.4,0.04902605197686361,-1.2858959213309544,6
developed_eu,X7_lag1,24.0,81.21249999999999,6.0850166374678825,72.64,75.9975,78.974,86.58500000000001,90.69000000000001,0.31408669718060617,-1.4102072581160479,18
developed_eu,X8_lag1,39.0,2.5498746153846152,0.4181312942369214,1.57587,2.224345,2.6707,2.8918049999999997,3.1539,-0.28513333698875787,-0.6241157912367106,3
developed_eu,X9_lag1,39.0,8.258102358250422,1.2775917806895072,6.32715341306055,7.28711500266369,7.90452995284113,9.054675504925644,11.3576255374221,0.7187392869772037,-0.1489913435348451,3
developed_eu,X10_lag1,39.0,0.8887266666666667,0.09304468986611057,0.66929,0.84229,0.89763,0.966325,1.0,-0.8459041844794397,-0.07395223457786448,3
developed_eu,C1_lag1,39.0,10.907686737067154,0.08911332643457333,10.777508347082708,10.83630618844479,10.885791930447674,10.992649583512613,11.063162470656692,0.4563085181690119,-1.1526290812699567,3
developed_eu,C2_lag1,39.0,0.8920256410256411,0.048180301270325486,0.816,0.8405,0.922,0.929,0.943,-0.4930343567658839,-1.4816599368939491,3
developed_non_eu,DMI,42.0,72.25017409146335,4.146768052935664,64.72788026918673,69.40981718492628,71.14608797722644,74.62442873843361,81.75899623857697,0.650370161859091,0.04693136415845123,0
developed_non_eu,X1,42.0,100.19835054106258,10.525815454128594,79.3757242462141,91.95549471861445,103.8952386862835,108.53917088685725,113.190481805755,-0.5982602049291126,-0.9447081733743046,0
developed_non_eu,X2,42.0,35.195347065264855,4.527842473274392,25.0955644344698,32.22837138538568,35.7758430374254,38.0273671871349,42.5241770773151,-0.2876648376205406,-0.3900851324939043,0
developed_non_eu,X3,42.0,0.8816390476190475,0.04238933010072136,0.8258,0.84201,0.87483,0.9151,0.9577,0.28558121056604513,-1.413960162861249,0
developed_non_eu,X4,42.0,89.16576162595965,6.7383585479117505,71.4,85.98500251749999,91.21420288,94.301301955,96.97219849,-1.2030126860863803,0.7835202161291934,0
developed_non_eu,X5,18.0,77.85666666666667,11.93029707238232,64.94,66.23,77.15,85.0,96.67,0.3609130424907773,-1.3888020061305135,24
developed_non_eu,X6,39.0,55.54717948717949,5.0007883319153565,47.1,51.53,53.88,60.31,63.5,0.13713396212111784,-1.3363294606118181,3
developed_non_eu,X7,27.0,80.67511111111111,5.6412789830057655,73.158,74.59,81.25999999999999,85.5995,88.04,-0.09373321398969699,-1.7170631780305108,15
developed_non_eu,X8,40.0,2.2897174999999996,0.6436363361033651,1.68702,1.80556,1.9003549999999998,2.7891525,3.48736,0.8474028024866073,-0.8918876268434,2
developed_non_eu,X9,42.0,7.365384601978512,3.9424692710799456,2.9841114443513,3.984777391277415,6.248658713345705,8.895501447970496,16.4399823293577,0.8924432320737609,-0.23254482783749664,0
developed_non_eu,X10,42.0,0.9254966666666669,0.04414471604248401,0.8412,0.91338,0.9304,0.9471,1.0,-0.43176784558490683,-0.5202407027884677,0
developed_non_eu,C1,42.0,11.010688828687087,0.09902779765393842,10.897383232416692,10.942889839327078,10.969378539692283,11.06710478223128,11.250668233861994,1.0574116832059344,0.0790194550041261,0
developed_non_eu,C2,39.0,0.9079487179487179,0.013716967437502788,0.89,0.8995,0.902,0.924,0.929,0.5513434752499216,-1.4043042583292908,3
developed_non_eu,X1_lag1,39.0,99.70392933428255,10.480216462356802,79.3757242462141,91.0987950016451,103.855170008567,107.7039517929775,113.190481805755,-0.6003334515049191,-0.989042282947127,3
developed_non_eu,X2_lag1,39.0,34.880634735867794,4.495407355628,25.0955644344698,32.0735114816177,35.346849265518,37.6582439098842,42.5241770773151,-0.23243262080775828,-0.3972399253107035,3
developed_non_eu,X3_lag1,39.0,0.8796523076923077,0.04134915670632095,0.8258,0.842005,0.87483,0.91469,0.9577,0.31034816957004474,-1.4027498425275169,3
developed_non_eu,X4_lag1,39.0,88.71239700898218,6.781589893271853,71.4,85.6722121693611,90.34470367,93.968551635,96.97219849,-1.124016016499678,0.5969003375821536,3
developed_non_eu,X5_lag1,15.0,75.70533333333334,11.666170179911944,64.94,66.23,70.13,84.58500000000001,96.67,0.7491732257979522,-0.9279913141528779,27
developed_non_eu,X6_lag1,36.0,55.53722222222222,4.927492907068091,47.1,51.894999999999996,53.88,60.31,63.5,0.08746636739820851,-1.3357482249475414,6
developed_non_eu,X7_lag1,24.0,80.93616666666667,5.709412043639693,73.158,74.94,81.25999999999999,85.975,88.04,-0.17933073470526448,-1.702567242721586,18
developed_non_eu,X8_lag1,38.0,2.2723878947368417,0.627229812662588,1.68702,1.8110875000000002,1.9003549999999998,2.757165,3.48736,0.8904358892572758,-0.762956522197443,4
developed_non_eu,X9_lag1,39.0,7.263010955934123,3.875279203588337,2.9841114443513,3.99074940065486,5.7758266986912,8.79711566081895,16.4399823293577,0.9648950195118331,-0.005225163717509584,3
developed_non_eu,X10_lag1,39.0,0.9276887179487179,0.044312756757743994,0.8412,0.91338,0.9306,0.95181,1.0,-0.507622984197917,-0.43719108791363226,3
developed_non_eu,C1_lag1,39.0,11.00576705046611,0.09482426533069521,10.897383232416692,10.936743818566573,10.969036194286282,11.061842037495143,11.234509361664905,1.021656555004982,-0.0014635688649993206,3
developed_non_eu,C2_lag1,39.0,0.9079487179487179,0.013716967437502788,0.89,0.8995,0.902,0.924,0.929,0.5513434752499216,-1.4043042583292908,3
developing,DMI,42.0,42.588914329760556,12.732781563883332,14.23921681535224,36.681882159413945,44.8850186080485,50.86125576161329,60.177677410251626,-0.7895338130034856,0.04656049312265287,0
developing,X1,42.0,109.7752816583373,26.85830201168589,67.6263517922249,83.15306824211149,103.3757868225055,135.31274304695975,158.190773641398,0.05506993327591197,-1.4042618064872372,0
developing,X2,42.0,12.727348536454548,8.815956569556354,1.15197793176359,2.4505734104873573,14.400814560069549,19.765220016212325,26.0976420359532,-0.09735296983885636,-1.4290140807297145,0
developing,X3,42.0,0.6583842857142858,0.1368327939430378,0.38287,0.5964,0.63769,0.7677,0.8573,-0.46497225964349886,-0.37811447882454496,0
developing,X4,42.0,60.514979839933034,24.782710852774017,11.10000038,49.70357395,66.20739061181524,80.64935759,89.66715228,-0.8097542176485799,-0.48494839750995,0
developing,X5,18.0,66.76999999999998,7.820035354215252,51.95,63.64,68.765,71.67,75.83,-0.9922574611474144,0.13686350482138065,24
developing,X6,39.0,34.378205128205124,3.165062460342251,28.0,32.225,36.17,36.58,38.1,-0.8335005459559712,-0.40732445625283553,3
developing,X7,27.0,60.1671111111111,7.193077592825635,47.464,56.84,61.57,63.125,75.14999999999999,0.47283858048440963,0.6182563749331589,15
developing,X8,39.0,0.8210289743589744,0.28398843870829144,0.47813,0.60111,0.66603,1.150655,1.28464,0.5261358929325355,-1.5826650951296246,3
developing,X9,42.0,23.31952469662294,17.44941030897563,1.8811391183743,10.86914289839725,14.4841727299793,45.613579395211104,49.6661074598787,0.5535651184233872,-1.4766994710359935,0
developing,X10,42.0,0.7540642857142857,0.1344383714305257,0.52941,0.6732,0.7934,0.8529,0.9514,-0.44128790308461624,-1.0217676784847831,0
developing,C1,42.0,9.647244307631135,0.574469803563788,8.576122631845719,9.044900704989647,9.823106590794726,10.193777146822097,10.282870806384087,-0.5780156263241499,-1.216776541436376,0
developing,C2,39.0,0.6909230769230769,0.1285891835950902,0.492,0.563,0.694,0.8345,0.858,-0.011460690775867447,-1.4180420521879562,3
developing,X1_lag1,39.0,109.97557210148123,26.979336283910026,67.6263517922249,83.407991565986,104.824727184587,134.0363474495985,158.190773641398,0.03590910971796173,-1.3937737297786368,3
developing,X2_lag1,39.0,12.339008580777923,8.555295650841256,1.15197793176359,2.15055758424027,14.1218273097456,19.26390363159515,26.0976420359532,-0.10350861249540638,-1.395542935803584,3
developing,X3_lag1,39.0,0.6483779487179486,0.1348485861249277,0.38287,0.59235,0.63059,0.7506,0.8573,-0.44823192438679926,-0.38353603027909333,3
developing,X4_lag1,39.0,58.910218685312486,24.90387462690732,11.10000038,48.9090493,64.69999695,80.23735148737755,89.66715228,-0.7309550715738012,-0.634419847253445,3
developing,X5_lag1,15.0,65.62400000000001,8.032852010872066,51.95,63.64,67.53,70.83500000000001,75.83,-0.7850244055889855,-0.33625703844760535,27
developing,X6_lag1,36.0,34.473611111111104,3.048198674419067,28.0,32.3625,36.17,36.58,38.1,-0.8945144589670592,-0.24313544095217177,6
developing,X7_lag1,24.0,60.021333333333324,7.576989706637638,47.464,56.625750000000004,59.644999999999996,62.8525,75.14999999999999,0.5201632855812413,0.38963281942247185,18
developing,X8_lag1,37.0,0.8168978378378379,0.28268182057586244,0.47813,0.60111,0.66603,1.15016,1.28464,0.5575917659834573,-1.532576468941488,5
developing,X9_lag1,39.0,23.115092108967158,17.540607456672216,1.8811391183743,10.6294787345029,14.3664294795696,45.0617690012474,49.6661074598787,0.5510487200629465,-1.484360041088061,3
developing,X10_lag1,39.0,0.7474230769230769,0.13670800587101975,0.52941,0.63581,0.75,0.8529,0.9514,-0.3428367972055009,-1.1351236665974072,3
developing,C1_lag1,39.0,9.636688034365116,0.5832683532945637,8.576122631845719,8.996985825735319,9.817770014274203,10.192443728183738,10.282870806384087,-0.5602562345723238,-1.2712214654608907,3
developing,C2_lag1,39.0,0.690923076923077,0.12858918359509022,0.492,0.563,0.694,0.8345,0.858,-0.011460690775867447,-1.4180420521879562,3
