country_iso3,year,GII_SCORE
MKD,2012,36.2
MKD,2013,38.18
MKD,2014,36.93
MKD,2015,38.03
MKD,2016,35.4
MKD,2017,35.43
MKD,2018,29.91
MKD,2019,35.29
MKD,2020,33.432
MKD,2021,34.0686
MKD,2022,28.8392
MKD,2023,33.0193
MKD,2024,29.8886
MKD,2025,29.7907
SRB,2012,40.0
SRB,2013,37.87
SRB,2014,35.89
SRB,2015,36.47
SRB,2016,33.75
SRB,2017,35.34
SRB,2018,35.46
SRB,2019,35.71
SRB,2020,34.3255
SRB,2021,35.0418
SRB,2022,32.2756
SRB,2023,33.1113
SRB,2024,32.2544
SRB,2025,31.7435
SVN,2012,49.9
SVN,2013,47.32
SVN,2014,47.23
SVN,2015,48.49
SVN,2016,45.97
SVN,2017,45.8
SVN,2018,46.87
SVN,2019,45.25
SVN,2020,42.9093
SVN,2021,44.1365
SVN,2022,40.5582
SVN,2023,42.2443
SVN,2024,40.1678
SVN,2025,40.1046
FRA,2012,51.8
FRA,2013,52.83
FRA,2014,52.18
FRA,2015,53.59
FRA,2016,54.04
FRA,2017,54.18
FRA,2018,54.36
FRA,2019,54.25
FRA,2020,53.6576
FRA,2021,54.9647
FRA,2022,54.9565
FRA,2023,56.0186
FRA,2024,55.4133
FRA,2025,53.4157
GBR,2012,61.2
GBR,2013,61.25
GBR,2014,62.37
GBR,2015,62.42
GBR,2016,61.93
GBR,2017,60.89
GBR,2018,60.13
GBR,2019,61.3
GBR,2020,59.7841
GBR,2021,59.8026
GBR,2022,59.728
GBR,2023,62.4445
GBR,2024,61.0493
GBR,2025,59.1154
DEU,2012,56.2
DEU,2013,55.83
DEU,2014,56.02
DEU,2015,57.05
DEU,2016,57.94
DEU,2017,58.39
DEU,2018,58.03
DEU,2019,58.19
DEU,2020,56.5498
DEU,2021,57.3229
DEU,2022,57.228
DEU,2023,58.7554
DEU,2024,58.0828
DEU,2025,55.4554
USA,2012,57.7
USA,2013,60.31
USA,2014,60.09
USA,2015,60.1
USA,2016,61.4
USA,2017,61.4
USA,2018,59.81
USA,2019,61.73
USA,2020,60.5564
USA,2021,61.2973
USA,2022,61.777
USA,2023,63.5261
USA,2024,62.3793
USA,2025,61.6892
CAN,2012,56.9
CAN,2013,57.6
CAN,2014,56.13
CAN,2015,55.73
CAN,2016,54.71
CAN,2017,53.65
CAN,2018,52.98
CAN,2019,53.88
CAN,2020,52.2615
CAN,2021,53.1368
CAN,2022,50.7615
CAN,2023,53.7853
CAN,2024,52.9053
CAN,2025,51.0644
AUS,2012,51.9
AUS,2013,53.07
AUS,2014,55.01
AUS,2015,55.22
AUS,2016,53.07
AUS,2017,51.83
AUS,2018,51.98
AUS,2019,50.34
AUS,2020,48.3516
AUS,2021,48.2677
AUS,2022,47.1375
AUS,2023,49.7119
AUS,2024,48.0961
AUS,2025,48.0058
BRA,2012,36.6
BRA,2013,36.33
BRA,2014,36.29
BRA,2015,34.95
BRA,2016,33.19
BRA,2017,33.1
BRA,2018,33.44
BRA,2019,33.82
BRA,2020,31.9367
BRA,2021,34.2121
BRA,2022,32.5368
BRA,2023,33.6453
BRA,2024,32.7401
BRA,2025,32.869
ARG,2012,34.4
ARG,2013,37.66
ARG,2014,35.13
ARG,2015,34.3
ARG,2016,30.24
ARG,2017,32.0
ARG,2018,30.65
ARG,2019,31.95
ARG,2020,28.3278
ARG,2021,29.7792
ARG,2022,28.6231
ARG,2023,28.0012
ARG,2024,26.4246
ARG,2025,26.778
IND,2012,35.7
IND,2013,36.17
IND,2014,33.7
IND,2015,31.74
IND,2016,33.61
IND,2017,35.47
IND,2018,35.18
IND,2019,36.58
IND,2020,35.5868
IND,2021,36.3864
IND,2022,36.5682
IND,2023,38.1101
IND,2024,38.3088
IND,2025,38.1998
