model,term,coefficient,std_error,pvalue
FE,const,208.6319739999841,165.31306795541713,0.24248261020603823
FE,X1_lag1,-0.03731805571119323,0.11088754316513089,0.7451218448769756
FE,X2_lag1,0.7722969793052945,0.5172395554775833,0.17375743692258583
FE,X3_lag1,-4.902463023390978,19.88555081795419,0.8114770919502285
FE,X4_lag1,0.21772885092024696,0.07989924883373117,0.02604474534014578
FE,X6_lag1,0.03008690950182173,0.1702168023380767,0.8640926262668533
FE,X7_lag1,-0.09594495538904871,0.13845801502472566,0.5079525721725453
FE,X8_lag1,-12.4925389237808,3.9306211317147524,0.013031545809704559
FE,X9_lag1,-0.024440463117727438,0.446898917024873,0.9577273250500993
FE,X10_lag1,1.6204742129181782,10.010619164993532,0.8754175829841042
FE,C1_lag1,-16.870143047168263,16.06147419055612,0.3242487679330184
FE,C2_lag1,31.515426144370576,33.27608933829816,0.3713186944207667
RE,const,-7.784839217204565,18.023108404884564,0.6712161218591906
RE,X1_lag1,0.1536078560461794,0.04642974186174173,0.004154130066764017
RE,X2_lag1,-0.12582994107050294,0.1172323596231116,0.2981197446330266
RE,X3_lag1,43.298452235432464,22.40788325752078,0.07016351816518052
RE,X4_lag1,0.23690932010580554,0.0988709982888691,0.02834656581743178
RE,X5_lag1,0.3451392316247212,0.062378983111503555,3.650912809893825e-05
RE,X6_lag1,0.5038262074772065,0.13454471342798022,0.0016134730277470588
RE,X7_lag1,0.21399295953970773,0.05596121411081071,0.0013583497969398284
RE,X8_lag1,0.3951491544039259,1.1506962700246515,0.7355077544525992
RE,X9_lag1,0.20735566770838967,0.040479523233084666,8.487427875825126e-05
RE,X10_lag1,-19.379362182084463,16.220820212687332,0.24859866435023892
RE,C1_lag1,-4.779555662046533,1.5541383603923067,0.006856790791247569
RE,C2_lag1,5.340614850795196,5.611118044929448,0.35454014786054033
