country_iso3,n,adf_stat,pvalue,usedlag,status,note
ARG,4,-0.4534799186693488,0.9007793741342837,0.0,ok,
AUS,3,-0.49486858906594144,0.893013973115631,0.0,ok,
BRA,4,-1.5608711070434693,0.5032135728597803,0.0,ok,
CAN,4,-1.1707960518678187,0.6860306954483423,0.0,ok,
DEU,4,-0.36922233243452107,0.9151121105655022,0.0,ok,
FRA,4,-1.6645574400578373,0.44945979353778953,0.0,ok,
GBR,4,-1.8156317578186374,0.3727290396831321,0.0,ok,
IND,3,,,,MODEL_NOT_APPLICABLE,series_too_short
MKD,4,-0.8351656030893686,0.8085736173426508,0.0,ok,
SRB,4,-3.544545561401147,0.00691411259238466,0.0,ok,
SVN,4,-1.159581393033206,0.6907367768318281,0.0,ok,
USA,4,-0.8715468135970298,0.7971980170531101,0.0,ok,
