country_iso3,year,group_id,y_true,y_pred,model_type,residual
ARG,2024,developing,60.177677410251626,58.08300391714589,svr,2.094673493105738
ARG,2025,developing,60.16688683225659,58.53603456288989,svr,1.6308522693666987
AUS,2024,developed_non_eu,74.68478492803831,73.3799917368964,svr,1.3047931911419113
AUS,2025,developed_non_eu,74.76960491421364,72.80453844808565,svr,1.9650664661279933
BRA,2024,developing,57.635105642774796,53.35677085321477,svr,4.278334789560027
BRA,2025,developing,57.788288670009194,54.94854816142418,svr,2.8397405085850167
CAN,2024,developed_non_eu,73.5649082585455,71.83817034994333,svr,1.7267379086021748
CAN,2025,developed_non_eu,73.55882665012467,71.8954137088222,svr,1.663412941302468
DEU,2024,developed_eu,83.98175549484475,79.20459042553333,svr,4.7771650693114225
DEU,2025,developed_eu,83.99789112646609,80.21642616139238,svr,3.7814649650737095
FRA,2024,developed_eu,76.00143981287722,76.6445715773616,svr,-0.6431317644843801
FRA,2025,developed_eu,75.8993758185406,76.34072092834104,svr,-0.4413451098004373
GBR,2024,developed_eu,82.05423857522565,82.26964804818446,svr,-0.21540947295881097
GBR,2025,developed_eu,82.02332528601997,81.7574972083153,svr,0.26582807770466843
IND,2024,developing,49.48743292027449,41.58970884417526,svr,7.89772407609923
IND,2025,developing,50.912470315109545,44.17508378013587,svr,6.737386534973673
MKD,2024,balkan,53.64375464019817,50.406607614905646,svr,3.237147025292522
MKD,2025,balkan,53.515173314162446,51.46716263788892,svr,2.0480106762735275
SRB,2024,balkan,64.86715072492385,61.99491872032021,svr,2.8722320046036387
SRB,2025,balkan,65.04849505304954,63.1228070210158,svr,1.925688032033733
SVN,2024,balkan,70.80015205567881,68.73037027519307,svr,2.069781780485741
SVN,2025,balkan,70.85538768278754,69.61569032513381,svr,1.239697357653725
USA,2024,developed_non_eu,81.70001786490164,79.17080071531231,svr,2.5292171495893285
USA,2025,developed_non_eu,81.75899623857697,79.23953975498436,svr,2.519456483592606
