model,term,coefficient,std_error,pvalue,group_id
FE,const,-162.17919862617737,33.67022344025904,3.941207258773005e-06,
FE,X1_lag1,0.05186822748507521,0.03417379997109193,0.13146186446369224,
FE,X2_lag1,0.3224720230424984,0.09215702796468343,0.0006368222453418948,
FE,X3_lag1,16.912800805640032,7.718496164785083,0.03019181159946127,
FE,X4_lag1,0.21919630379229715,0.049334391410356955,1.85912082462103e-05,
FE,X5_lag1,0.054607121492625775,0.01979405961512882,0.006626171936796599,
FE,X6_lag1,-0.058375212929481626,0.1548655014521384,0.7068224678889732,
FE,X7_lag1,0.12838214311956825,0.02629080595555799,2.9660625511240823e-06,
FE,X8_lag1,0.4663279722789081,1.2360057090197993,0.7065667792728614,
FE,X9_lag1,0.11650338569003352,0.06508159222986254,0.07572817608639437,
FE,X10_lag1,1.9764538643687135,3.132253471093862,0.5291311885557994,
FE,C1_lag1,10.804619449443928,3.400277740339209,0.0018498626566487708,
FE,C2_lag1,62.21872240046725,21.07729629372332,0.0037386011576761025,
RE,const,-38.94549914042148,10.668188580364465,0.00036605834867109444,
RE,X1_lag1,0.12070023603051333,0.014791100630992817,1.5654144647214707e-13,
RE,X2_lag1,0.2364587364655979,0.02310593666569938,0.0,
RE,X3_lag1,28.66489535306305,5.060755958223344,7.837599258486705e-08,
RE,X4_lag1,0.27688926775987277,0.019797704249763813,0.0,
RE,X5_lag1,0.08472623319931467,0.019039799576500423,1.7154044938516577e-05,
RE,X6_lag1,0.15553863812490853,0.037558760440651456,5.880595750906714e-05,
RE,X7_lag1,0.16233080370548048,0.023738876131917986,2.156337330916358e-10,
RE,X8_lag1,2.6012670025808085,0.33685397704639425,1.815436689867056e-12,
RE,X9_lag1,0.19709515459942195,0.023888415385706803,9.392486788328824e-14,
RE,X10_lag1,6.99476139470819,1.9803844227219254,0.0005555611142560313,
RE,C1_lag1,-0.15419203023286576,1.2193721609996084,0.89955177746802,
RE,C2_lag1,-0.03968869288110206,4.142377469022198,0.992368827941055,
FE_group:balkan,const,-335.7786422992229,70.58022859785427,7.695239181093605e-05,balkan
FE_group:balkan,X1_lag1,0.06240287480150956,0.29038900450882243,0.831665481931898,balkan
FE_group:balkan,X2_lag1,0.09711854216147277,0.7569129041444732,0.8989737827084119,balkan
FE_group:balkan,X3_lag1,7.1521090963296095,53.993269506313716,0.895722430890511,balkan
FE_group:balkan,X4_lag1,0.09706412264524436,0.07687559310938281,0.2188590539985995,balkan
FE_group:balkan,X5_lag1,0.05856869891306079,0.05351135097118013,0.2845948508745071,balkan
FE_group:balkan,X6_lag1,-0.5101323869612648,0.23997964037437458,0.0440125575837238,balkan
FE_group:balkan,X7_lag1,0.2621284624459047,0.09678517231860512,0.01226930044625063,balkan
FE_group:balkan,X8_lag1,-1.1289292089059604,10.478399416566225,0.9150985976780821,balkan
FE_group:balkan,X9_lag1,0.23844820149996668,0.256249962889219,0.36136309911649134,balkan
FE_group:balkan,X10_lag1,1.5802437399575198,19.778008439740688,0.9369800713470413,balkan
FE_group:balkan,C1_lag1,12.586668025445173,8.123510950046885,0.13436987120651112,balkan
FE_group:balkan,C2_lag1,298.01908927880595,19.655568948158443,8.593126210598712e-14,balkan
FE_group:developed_eu,const,78.18484348518044,53.26252089200741,0.15511189423199534,developed_eu
FE_group:developed_eu,X1_lag1,-0.12908339051529857,0.03355889784277017,0.0007759392888968542,developed_eu
FE_group:developed_eu,X2_lag1,0.47366458152844504,0.0635044958350659,1.0657531857027891e-07,developed_eu
FE_group:developed_eu,X3_lag1,-4.669154373602432,30.561595889096896,0.8798501758480763,developed_eu
FE_group:developed_eu,X4_lag1,0.15811204421393368,0.2574293412815637,0.5448647388604593,developed_eu
FE_group:developed_eu,X5_lag1,0.09874291668328297,0.0829422298583883,0.24549168121446452,developed_eu
FE_group:developed_eu,X6_lag1,1.3336315873222915,0.45048215929252294,0.006815781860612269,developed_eu
FE_group:developed_eu,X7_lag1,0.030398415855773447,0.059896999017265695,0.6164282440019753,developed_eu
FE_group:developed_eu,X8_lag1,3.2411423546698326,2.4705835411448125,0.20196683567429008,developed_eu
FE_group:developed_eu,X9_lag1,0.09696624108513688,0.6080768264282269,0.8746378935049397,developed_eu
FE_group:developed_eu,X10_lag1,10.789716676234752,9.612067826782143,0.27274711546109254,developed_eu
FE_group:developed_eu,C1_lag1,-9.239515704057945,6.483974493013566,0.1670393640315937,developed_eu
FE_group:developed_eu,C2_lag1,-23.25833715703784,53.827389457476755,0.669532580478728,developed_eu
FE_group:developed_non_eu,const,-315.39426737588116,114.26279633476352,0.01088695158477404,developed_non_eu
FE_group:developed_non_eu,X1_lag1,0.3745967347655199,0.22615089632464225,0.11065838420118967,developed_non_eu
FE_group:developed_non_eu,X2_lag1,-0.6793510743083966,0.5339397963136199,0.21544315870250452,developed_non_eu
FE_group:developed_non_eu,X3_lag1,48.060503874907816,22.591229253749415,0.043860651185001265,developed_non_eu
FE_group:developed_non_eu,X4_lag1,0.2644379379427211,0.08457545823035832,0.004584398055347272,developed_non_eu
FE_group:developed_non_eu,X5_lag1,0.023382486455290976,0.028146974258363714,0.41431538443832405,developed_non_eu
FE_group:developed_non_eu,X6_lag1,-0.22746802566521107,0.21696392363480446,0.3048916780810984,developed_non_eu
FE_group:developed_non_eu,X7_lag1,-0.16322807707936776,0.09866593384924643,0.11107757609464475,developed_non_eu
FE_group:developed_non_eu,X8_lag1,-0.24894810792480399,1.7522557305495865,0.8882083342019662,developed_non_eu
FE_group:developed_non_eu,X9_lag1,-0.17298947236458864,0.0405361367048909,0.0002674748843529695,developed_non_eu
FE_group:developed_non_eu,X10_lag1,-9.124219000926148,6.321206265860718,0.16182638954382567,developed_non_eu
FE_group:developed_non_eu,C1_lag1,34.53205453893308,3.4510943461157226,4.857159119353582e-10,developed_non_eu
FE_group:developed_non_eu,C2_lag1,-41.56883878820387,122.31117917828595,0.7369174061854791,developed_non_eu
FE_group:developing,const,-153.36811209346405,12.168969173825243,4.498179606571284e-12,developing
FE_group:developing,X1_lag1,0.021403236458534907,0.05420046025454112,0.6964115408212082,developing
FE_group:developing,X2_lag1,0.26472837132404253,0.2146507105052894,0.22940766161848836,developing
FE_group:developing,X3_lag1,27.47796834442427,11.591466470754805,0.02613879151741938,developing
FE_group:developing,X4_lag1,0.14775483055508867,0.02394009442535274,2.2363626888122212e-06,developing
FE_group:developing,X5_lag1,0.0615170408304265,0.0699504067731843,0.38788479087984884,developing
FE_group:developing,X6_lag1,-0.2537746702955535,0.05495903359020975,0.00010982971282191833,developing
FE_group:developing,X7_lag1,0.14546812138199922,0.07007268765332621,0.04877791914822138,developing
FE_group:developing,X8_lag1,-4.670695769307742,13.827431992680925,0.7384621510116158,developing
FE_group:developing,X9_lag1,0.029927036830369746,0.08143632472278299,0.7164743797490347,developing
FE_group:developing,X10_lag1,-6.950219304835541,8.544062465172582,0.4239538011595134,developing
FE_group:developing,C1_lag1,9.044374672708786,0.8795207370657168,2.840576662777039e-10,developing
FE_group:developing,C2_lag1,118.04111306050544,12.410182928252196,1.2949532557371413e-09,developing
