variable,DMI,X1_lag1,X2_lag1,X3_lag1,X4_lag1,X5_lag1,X6_lag1,X7_lag1,X8_lag1,X9_lag1,X10_lag1,C1_lag1,C2_lag1
DMI,1.0,0.20222101331760356,0.9260421870625611,0.942196767468048,0.8503197054555408,0.5785052126838598,0.797111746962637,0.6565724292931772,0.8181202938322351,-0.5920082848107575,0.6810229877466558,0.916048227121922,0.8679973709919312
X1_lag1,0.20222101331760356,1.0,0.18057002313556028,0.1925714039856116,0.2893232420296586,0.16878805588638301,-0.09462106689495736,-0.23720329178897687,0.057856278830581885,-0.435904977697578,-0.1851857409607884,0.2560327127765715,0.395668539866981
X2_lag1,0.9260421870625611,0.18057002313556028,1.0,0.853485991135302,0.8416971542586905,0.6079491119760724,0.7403740301058499,0.5696410696817387,0.7311430372892347,-0.6364045747754287,0.5252586723851456,0.903971268621007,0.8194162921285668
X3_lag1,0.942196767468048,0.1925714039856116,0.853485991135302,1.0,0.8652450275544977,0.4194702490440222,0.6638901242717128,0.5424874247239262,0.7106052123213644,-0.612100169897528,0.7885168478752211,0.8723754993416041,0.8389823256488125
X4_lag1,0.8503197054555408,0.2893232420296586,0.8416971542586905,0.8652450275544977,1.0,0.3654312195845574,0.490597497110277,0.2908184695374218,0.5176271731748093,-0.6677226998951777,0.5048070094077105,0.8327109181961965,0.811885768680957
X5_lag1,0.5785052126838598,0.16878805588638301,0.6079491119760724,0.4194702490440222,0.3654312195845574,1.0,0.4921170393887838,0.3696826415265856,0.46175221583492376,-0.08045570152042979,0.24553849799759056,0.42010455255711804,0.39082294929701034
X6_lag1,0.797111746962637,-0.09462106689495736,0.7403740301058499,0.6638901242717128,0.490597497110277,0.4921170393887838,1.0,0.9001816601938983,0.8902850540560545,-0.48166799966513896,0.5192265979798217,0.7938142369297475,0.6840748195605236
X7_lag1,0.6565724292931772,-0.23720329178897687,0.5696410696817387,0.5424874247239262,0.2908184695374218,0.3696826415265856,0.9001816601938983,1.0,0.7976519313280055,-0.3506449522079216,0.5268172536996651,0.6508930160980746,0.5524362365566814
X8_lag1,0.8181202938322351,0.057856278830581885,0.7311430372892347,0.7106052123213644,0.5176271731748093,0.46175221583492376,0.8902850540560545,0.7976519313280055,1.0,-0.5249680863782571,0.5142818087522335,0.7974863709820553,0.7211576083267721
X9_lag1,-0.5920082848107575,-0.435904977697578,-0.6364045747754287,-0.612100169897528,-0.6677226998951777,-0.08045570152042979,-0.48166799966513896,-0.3506449522079216,-0.5249680863782571,1.0,-0.2227521823713957,-0.7842168169018857,-0.7334513653590147
X10_lag1,0.6810229877466558,-0.1851857409607884,0.5252586723851456,0.7885168478752211,0.5048070094077105,0.24553849799759056,0.5192265979798217,0.5268172536996651,0.5142818087522335,-0.2227521823713957,1.0,0.5158889068690534,0.44325290267902506
C1_lag1,0.916048227121922,0.2560327127765715,0.903971268621007,0.8723754993416041,0.8327109181961965,0.42010455255711804,0.7938142369297475,0.6508930160980746,0.7974863709820553,-0.7842168169018857,0.5158889068690534,1.0,0.945857644387953
C2_lag1,0.8679973709919312,0.395668539866981,0.8194162921285668,0.8389823256488125,0.811885768680957,0.39082294929701034,0.6840748195605236,0.5524362365566814,0.7211576083267721,-0.7334513653590147,0.44325290267902506,0.945857644387953,1.0
