country_iso3,year,NCSI_SCORE,NCSI_LEGACY_SCORE
MKD,2012,,
MKD,2013,,
MKD,2014,,
MKD,2015,,
MKD,2016,,
MKD,2017,,
MKD,2018,,
MKD,2019,,
MKD,2020,,
MKD,2021,,
MKD,2022,,
MKD,2023,56.67,58.44
MKD,2024,56.67,
MKD,2025,66.67,
SRB,2012,,
SRB,2013,,
SRB,2014,,
SRB,2015,,
SRB,2016,,
SRB,2017,,
SRB,2018,,
SRB,2019,,
SRB,2020,,
SRB,2021,,
SRB,2022,,
SRB,2023,,80.52
SRB,2024,72.5,
SRB,2025,72.5,
SVN,2012,,
SVN,2013,,
SVN,2014,,
SVN,2015,,
SVN,2016,,
SVN,2017,,
SVN,2018,,
SVN,2019,,
SVN,2020,,
SVN,2021,,
SVN,2022,,
SVN,2023,,67.53
SVN,2024,,
SVN,2025,89.17,
FRA,2012,,
FRA,2013,,
FRA,2014,,
FRA,2015,,
FRA,2016,,
FRA,2017,,
FRA,2018,,
FRA,2019,,
FRA,2020,,
FRA,2021,,
FRA,2022,,
FRA,2023,,84.42
FRA,2024,,
FRA,2025,89.17,
GBR,2012,,
GBR,2013,,
GBR,2014,,
GBR,2015,,
GBR,2016,,
GBR,2017,,
GBR,2018,,
GBR,2019,,
GBR,2020,,
GBR,2021,,
GBR,2022,,
GBR,2023,75.0,89.61
GBR,2024,75.0,
GBR,2025,80.0,
DEU,2012,,
DEU,2013,,
DEU,2014,,
DEU,2015,,
DEU,2016,,
DEU,2017,,
DEU,2018,,
DEU,2019,,
DEU,2020,,
DEU,2021,,
DEU,2022,,
DEU,2023,,90.91
DEU,2024,,
DEU,2025,90.83,
USA,2012,,
USA,2013,,
USA,2014,,
USA,2015,,
USA,2016,,
USA,2017,,
USA,2018,,
USA,2019,,
USA,2020,,
USA,2021,,
USA,2022,,
USA,2023,,64.94
USA,2024,84.17,
USA,2025,84.17,
CAN,2012,,
CAN,2013,,
CAN,2014,,
CAN,2015,,
CAN,2016,,
CAN,2017,,
CAN,2018,,
CAN,2019,,
CAN,2020,,
CAN,2021,,
CAN,2022,,
CAN,2023,,70.13
CAN,2024,87.5,
CAN,2025,96.67,
AUS,2012,,
AUS,2013,,
AUS,2014,,
AUS,2015,,
AUS,2016,,
AUS,2017,,
AUS,2018,,
AUS,2019,,
AUS,2020,,
AUS,2021,,
AUS,2022,,
AUS,2023,,66.23
AUS,2024,87.5,
AUS,2025,87.5,
BRA,2012,,
BRA,2013,,
BRA,2014,,
BRA,2015,,
BRA,2016,,
BRA,2017,,
BRA,2018,,
BRA,2019,,
BRA,2020,,
BRA,2021,,
BRA,2022,,
BRA,2023,,51.95
BRA,2024,,
BRA,2025,71.67,
ARG,2012,,
ARG,2013,,
ARG,2014,,
ARG,2015,,
ARG,2016,,
ARG,2017,,
ARG,2018,,
ARG,2019,,
ARG,2020,,
ARG,2021,,
ARG,2022,,
ARG,2023,,63.64
ARG,2024,58.33,
ARG,2025,58.33,
IND,2012,,
IND,2013,,
IND,2014,,
IND,2015,,
IND,2016,,
IND,2017,,
IND,2018,,
IND,2019,,
IND,2020,,
IND,2021,,
IND,2022,,
IND,2023,,67.53
IND,2024,,
IND,2025,75.83,
