country_iso3,year,group_id,DMI,X1,X2,X3,X4,X5,X6,X7,X8,X9,X10,C1,C2
ARG,2012,developing,41.49451768633028,152.573579717014,12.211510531081,0.62279,55.79999924,67.91285285714287,37.66,58.92015357142856,0.63491,12.3128038476996,0.52941,10.269031880968202,0.83
ARG,2013,developing,43.67394682817517,158.190773641398,14.6798018103935,0.62279,59.90000153,68.39045285714288,37.66,58.95053023809522,0.61849,12.6482552856751,0.52941,10.282870806384087,0.83
ARG,2014,developing,42.86541760832982,142.325481008062,15.1530476974157,0.63059,64.69999695,65.66070285714287,37.66,58.82841785714283,0.59396,10.7750437433971,0.55118,10.247106166335692,0.83
ARG,2015,developing,43.894200561735715,142.240711022183,15.768878045253,0.63059,68.0430641088122,65.81630285714286,37.66,58.78878452380951,0.62262,11.1514403633977,0.55118,10.263578868702613,0.839
ARG,2016,developing,48.05513578710199,145.146584717972,16.5184995378051,0.6978,70.9689808206024,66.0781361904762,34.562466666666666,57.33995333333333,0.55815,12.1728743487956,0.71014,10.232867042139326,0.839
ARG,2017,developing,48.00989170145377,139.758240519621,17.7082272589602,0.6978,74.2949068657957,64.63179333333333,31.95,56.84,0.55632,14.3664294795696,0.71014,10.251849687081927,0.839
ARG,2018,developing,49.57876080711842,131.224265691711,18.9758759187853,0.7335,77.7,64.42884333333333,31.95,56.84,0.4883,14.601915980389,0.75,10.217097392537358,0.855
ARG,2019,developing,49.397485278934276,125.302657911726,19.551931344405,0.7335,79.9469520347551,63.87269666666666,31.95,56.84,0.47813,14.1219207494781,0.75,10.189776890907021,0.855
ARG,2020,developing,54.24712429114341,121.180612527028,21.1797871590669,0.8279,85.51438646,63.64,28.33,50.754,0.54126,20.9927501850159,0.8471,10.080674832311747,0.855
ARG,2021,developing,56.79737971857144,130.352799939601,23.1500020932515,0.8279,87.15070683,63.64,29.8,50.754,0.5236,24.6135588460075,0.8471,10.177334646293042,0.855
ARG,2022,developing,56.85899881087809,131.483556254876,24.6831785056628,0.8198,88.37535691,63.64,28.6,57.39,0.54951,18.8253969663899,0.8089,10.23369115904557,0.858
ARG,2023,developing,58.46442573240353,137.706086781571,25.3580730689248,0.8198,89.22897166,70.0,28.0,57.72,0.60111,15.8712142708089,0.8089,10.212089159548686,0.858
ARG,2024,developing,60.177677410251626,140.234979049333,26.0976420359532,0.8573,89.66715228,70.0,28.0,57.72,0.60111,15.7406131318319,0.7965,10.195110565460455,0.858
ARG,2025,developing,60.16688683225659,140.234979049333,26.0976420359532,0.8573,89.66715228,70.0,28.0,57.72,0.60111,15.66326901765,0.7965,10.23446610000457,0.8572189999999995
AUS,2012,developed_non_eu,63.42563981781133,106.499711805776,25.0955644344698,0.839,79.0,67.58839,53.07,84.36386095238096,2.17733,3.71502796948962,0.86274,10.904190821660558,0.927
AUS,2013,developed_non_eu,64.70660319629499,107.332200908321,25.7399315811014,0.839,83.453497167,67.50519,53.07,84.31038095238095,2.17733,3.97880538189997,0.86274,10.913177644468051,0.927
AUS,2014,developed_non_eu,68.09607971751196,106.206237340596,27.7000785019208,0.91034,84.0,67.48450571428572,53.07,83.65451380952385,2.17733,4.00269341940975,0.92913,10.923941322572663,0.927
AUS,2015,developed_non_eu,68.2085222250989,107.608142007003,28.5117731324726,0.91034,84.5605149091408,69.36757142857144,53.07,83.60103380952386,1.91969,3.48225072552904,0.92913,10.930961739672082,0.929
AUS,2016,developed_non_eu,69.33423741198229,109.128813718295,30.3083074972206,0.91428,86.54000092,69.98047476190477,51.23029476190477,82.29308714285722,1.91969,3.39104131793731,0.97826,10.942525897461065,0.929
AUS,2017,developed_non_eu,69.17189283161815,107.799761578952,32.0326223266488,0.91428,86.5450488476768,70.32987476190479,50.34,81.25999999999999,1.88102,3.12846845889695,0.97826,10.948731711375824,0.929
AUS,2018,developed_non_eu,70.06386852272765,110.033134941946,33.5486251312018,0.9053,90.0082016,69.37065285714287,50.34,81.25999999999999,1.88102,3.34590837120138,0.9722,10.962108153044138,0.923
AUS,2019,developed_non_eu,70.92975817657644,109.752830879788,34.5434163723691,0.9053,93.60990143,69.16328619047621,50.34,81.25999999999999,1.82826,3.28826166040525,0.9722,10.969036194286282,0.924
AUS,2020,developed_non_eu,70.11012488325798,104.930155780087,35.346849265518,0.9432,94.6934967,66.23,48.35,73.577,1.82826,3.86127547831478,0.9471,10.955365700397168,0.924
AUS,2021,developed_non_eu,71.00214261251666,105.118514623956,35.8359861455454,0.9432,96.97219849,66.23,48.3,73.577,1.85783,5.18824275459088,0.9471,10.973827496533854,0.924
AUS,2022,developed_non_eu,71.08833928057635,109.469171081514,36.3933201898066,0.9405,96.11940002,66.23,47.1,75.29,1.85783,4.09783060678457,0.938,11.002585272014857,0.927
AUS,2023,developed_non_eu,74.44336016961951,112.513177133796,36.627426494239,0.9405,96.1160965,85.0,49.7,73.89,1.85783,3.2373078945217,0.938,11.013451164144975,0.927
AUS,2024,developed_non_eu,75.8341047076019,112.581025002429,36.4788276060473,0.9577,96.13140106,85.0,49.7,73.89,2.3257693690476193,2.9841114443513,0.9222,11.007246295083625,0.927
AUS,2025,developed_non_eu,75.83229556762969,112.581025002429,36.4788276060473,0.9577,96.13140106,85.0,49.7,73.89,2.2981034690476196,3.38942347976281,0.9222,11.005329011065262,0.9259649999999999
BRA,2012,developing,36.05212244015913,126.131962754994,9.71151141846763,0.61673,48.56,63.74808952380953,36.33,58.29798533333334,1.12684,1.91565975312062,0.6732,9.843324487923363,0.661
BRA,2013,developing,38.281158515635774,136.589138644321,10.7622017659472,0.61673,51.04,63.74808952380953,36.33,59.274298761904774,1.19567,1.8811391183743,0.6732,9.864824994626998,0.661
BRA,2014,developing,38.95544303186371,140.304679417776,11.9790772854396,0.60082,54.5510018796392,63.74808952380953,36.33,59.274298761904774,1.26971,3.66210415949383,0.59842,9.861788754185508,0.661
BRA,2015,developing,38.77159208890314,127.83616904008,12.6353840484725,0.60082,58.3279517340924,63.73088952380953,36.33,59.32282542857144,1.28464,4.66664170620766,0.59842,9.817770014274203,0.681
BRA,2016,developing,41.10120502927798,120.101181531485,13.217709027651,0.63769,60.8725400681261,63.73502285714286,36.31859428571427,59.95148542857144,1.19584,5.45703084926473,0.73188,9.776842522589865,0.681
BRA,2017,developing,40.90025005434019,108.092570205646,14.1218273097456,0.63769,67.4712845236305,61.39628666666667,33.82,61.57,1.1175,6.57356373822204,0.73188,9.782702011493381,0.681
BRA,2018,developing,46.02580329057623,101.602460284017,15.1537620986579,0.7327,70.4342825404361,59.485353333333315,33.82,61.57,1.15016,7.68841772324128,0.9236,9.793547076650146,0.694
BRA,2019,developing,46.53382992226804,97.3747376780285,15.8621991239093,0.7327,73.9124399133589,59.485353333333315,33.82,61.57,1.15115,7.79155072187296,0.9236,9.79916099744301,0.694
BRA,2020,developing,46.382748182075375,98.6456198619193,17.418059685583,0.7677,81.34269353,51.95,31.94,47.464,1.21907,9.27436242667849,0.8706,9.7600510213056,0.694
BRA,2021,developing,47.83230395996064,104.824727184587,19.8363162401481,0.7677,80.68989314,51.95,34.2,47.464,1.13371,10.4839137256087,0.8706,9.802324106010035,0.704
BRA,2022,developing,50.707612101124525,101.245468903076,20.9534469027015,0.791,80.52775094,51.95,32.5,62.37,1.18873,11.6014480812492,0.8964,9.82844316731525,0.707
BRA,2023,developing,55.33154060664353,101.020256020808,22.4192301618889,0.791,84.15060238,71.67,33.6,63.7,1.1938,12.7142674668203,0.8964,9.856386102889001,0.707
BRA,2024,developing,57.635105642774796,101.926846460424,24.079199344422,0.8403,84.46347227,71.67,33.6,63.7,1.1938,12.5746509091821,0.9063,9.88595299168932,0.707
BRA,2025,developing,57.788288670009194,101.926846460424,24.079199344422,0.8403,84.46347227,71.67,33.6,63.7,1.1938,13.6726278252098,0.9063,9.904721632031206,0.7113871666666668
CAN,2012,developed_non_eu,65.485291593233,79.3757242462141,33.4738596726536,0.84299,83.0,71.05618428571431,57.6,87.39547238095234,1.77303,11.3219819190981,0.88888,10.897383232416692,0.89
CAN,2013,developed_non_eu,65.9848861578541,80.3548920843149,34.2683042479886,0.84299,85.80000305,70.78056428571432,57.6,87.40207238095235,1.70624,9.55939580147429,0.88888,10.909841209774987,0.89
CAN,2014,developed_non_eu,66.61707284546776,80.790219211487,35.2694249557112,0.84177,87.12000275,70.51131761904765,57.6,87.36227238095235,1.71482,8.99388723512204,0.91338,10.928156550250732,0.89
CAN,2015,developed_non_eu,67.76402679529272,82.767383138656,36.4698589080979,0.84177,90.0,71.22411761904763,57.6,87.36227238095235,1.6936,8.60034408651586,0.91338,10.92703222691698,0.894
CAN,2016,developed_non_eu,67.55571649301756,84.5919452304565,36.8232874759276,0.82847,91.16000366,71.4382442857143,54.354823333333336,86.54804190476185,1.72903,8.20562037854801,0.95652,10.926048779817654,0.894
CAN,2017,developed_non_eu,68.63872164684034,86.1024018448784,37.8276923396247,0.82847,92.70140076,74.50693428571431,53.88,86.74,1.68702,8.49564421892629,0.95652,10.943981664925118,0.894
CAN,2018,developed_non_eu,69.78507674557851,89.0494584998715,38.7333531661948,0.8258,94.64,75.74630809523812,53.88,86.74,1.7372,10.0062633713473,0.9306,10.956709585811806,0.899
CAN,2019,developed_non_eu,70.058118377212,90.9589210049458,40.076756874499,0.8258,91.91290283,76.71130809523812,53.88,86.74,1.75578,11.6770691777618,0.9306,10.960996957827296,0.899
CAN,2020,developed_non_eu,66.98529987522207,84.7747749116615,40.7949805592606,0.842,92.3,70.13,52.26,73.158,1.93413,14.55803443525,0.8412,10.898457435584596,0.899
CAN,2021,developed_non_eu,68.13146078595348,87.4056019628826,41.6930962576979,0.842,93.93710327,70.13,53.1,73.158,1.87064,16.4399823293577,0.8412,10.950720494027781,0.899
CAN,2022,developed_non_eu,68.92596551760712,91.2386689983444,42.1792116530791,0.8511,94.0,70.13,50.8,77.39,1.81291,15.1445109066633,0.8504,10.978202049920776,0.902
CAN,2023,developed_non_eu,73.83410908619972,94.1497268194785,42.5241770773151,0.8511,94.14530182,96.67,53.8,77.07,1.81048,15.2209353083082,0.8504,10.969720885098281,0.902
CAN,2024,developed_non_eu,73.5649082585455,94.1059718794246,42.5238215177079,0.8452,94.353302,96.67,53.8,77.07,1.7908,14.4447899140379,0.8552,10.960132947066562,0.902
CAN,2025,developed_non_eu,73.55882665012467,94.1059718794246,42.5238215177079,0.8452,94.353302,96.67,53.8,77.07,1.7908,14.4011984941597,0.8552,10.968018591752081,0.9010756666666672
DEU,2012,developed_eu,69.70282569996743,114.191945537857,34.5501078335304,0.80788,82.3499984738392,78.40038000000003,55.83,87.27210809523807,2.82499,9.65342295806253,0.75163,10.970099530183633,0.928
DEU,2013,developed_eu,70.97989189616128,123.435398879553,35.3423024244517,0.80788,84.17,78.27308333333333,55.83,87.28070809523805,2.78067,8.06193778631092,0.75163,10.971332624394257,0.928
DEU,2014,developed_eu,70.05710935526369,122.308668591557,36.3409222955935,0.7864,86.1937006578756,78.82546333333335,55.83,87.1947938095238,2.82218,6.89297104582556,0.66929,10.988731449244742,0.928
DEU,2015,developed_eu,70.48616278970006,117.401165117624,37.412701768023,0.7864,87.5897993525767,79.78609666666667,55.83,87.34259380952379,2.87725,7.90651226650453,0.66929,10.996567717780481,0.928
DEU,2016,developed_eu,74.32024363541929,125.024012174369,38.4991067314054,0.82099,84.1652066441212,82.92168428571429,56.647054761904755,88.23612428571427,2.88393,8.54119625243337,0.84058,11.010474438530194,0.928
DEU,2017,developed_eu,76.03296732912428,132.003261888443,39.9888046312857,0.82099,84.3941537010844,83.08731761904761,58.19,88.10000000000001,2.9886,8.97652232797755,0.84058,11.034331997116333,0.928
DEU,2018,developed_eu,79.50887690440463,128.945577229674,40.9651498488548,0.8765,87.037112092841,83.77236666666666,58.19,88.10000000000001,3.05057,9.23094018156375,0.9306,11.042619684435062,0.943
DEU,2019,developed_eu,79.98735644254822,128.292298108313,42.1155574684512,0.8765,88.1345169091916,83.35076666666664,58.19,88.10000000000001,3.11256,9.13282868187374,0.9306,11.050094343699579,0.943
DEU,2020,developed_eu,77.80070081474169,128.424798814302,43.3048696627,0.8524,89.81294133,90.91,56.55,78.974,3.0897,10.7433868234345,0.7353,11.007080363968935,0.943
DEU,2021,developed_eu,78.25708341576978,127.125099449404,44.0643361489671,0.8524,91.43060973,90.91,57.3,78.974,3.0786,10.3615375526681,0.7353,11.045012046715069,0.943
DEU,2022,developed_eu,78.44430918109686,124.158264349285,44.6186317766404,0.877,91.62984383,90.91,57.2,72.64,3.07096,9.85905983743837,0.7905,11.063162470656692,0.943
DEU,2023,developed_eu,79.84289840536874,124.662572774586,45.380522509099,0.877,92.4763763,90.83,58.8,75.26,3.1539,10.9812237720454,0.7905,11.05311284905633,0.943
DEU,2024,developed_eu,83.98175549484475,129.150921864378,45.6069242965787,0.9382,93.49999579,90.83,58.8,75.26,3.1539,11.3576255374221,0.9238,11.045392417546726,0.943
DEU,2025,developed_eu,83.99789112646609,129.150921864378,45.6069242965787,0.9382,93.49999579,90.83,58.8,75.26,3.1539,11.4732816343515,0.9238,11.048088842362658,0.9418066666666663
FRA,2012,developed_eu,67.98633807011925,97.1924631662654,37.4345529509644,0.86349,81.44,73.37091761904765,52.83,85.22958761904759,2.22761,6.76780005936378,0.87581,10.818489993082492,0.816
FRA,2013,developed_eu,68.813304043807,98.347924466483,38.7340855946258,0.86349,81.9198,75.80240333333336,52.83,85.2423876190476,2.23369,6.32715341306055,0.87581,10.821108008584666,0.816
FRA,2014,developed_eu,72.29471574104791,101.132290573498,40.142215573606,0.89384,83.7510996681821,75.61019333333337,52.83,86.71026380952382,2.27173,6.64748813576127,1.0,10.826288404778559,0.816
FRA,2015,developed_eu,71.41727689094571,102.718366606519,41.387117104083,0.89384,78.0060377071902,75.81661000000004,52.83,87.24217047619048,2.22401,6.79391396716258,1.0,10.833343763005127,0.831
FRA,2016,developed_eu,71.04211136707626,103.816661597799,42.5277884451476,0.84559,79.2698113207547,83.37593333333336,53.59271190476189,86.23291428571429,2.22468,7.0088538784033,0.94203,10.839268613884457,0.831
FRA,2017,developed_eu,71.79191631527884,105.718368398783,43.6242593525939,0.84559,80.5024597243607,83.36883333333336,54.25,86.08000000000001,2.20422,6.76063874125321,0.94203,10.856988637731869,0.831
FRA,2018,developed_eu,74.00146601756254,107.482434668386,44.4142292018123,0.879,82.0431867788484,82.85529333333335,54.25,86.08000000000001,2.20407,7.31391010596127,0.9792,10.86972879653241,0.84
FRA,2019,developed_eu,74.68416546772087,109.600780374596,45.2765022757908,0.879,83.3397440866883,82.98456000000002,54.25,86.08000000000001,2.19668,7.04616007879947,0.9792,10.886474879324254,0.817
FRA,2020,developed_eu,72.98935094487233,110.387215275645,46.471240838575,0.8718,84.70639801,84.42,53.66,73.767,2.2742,8.54106478081594,0.8824,10.805909220216158,0.817
FRA,2021,developed_eu,74.02415204266838,113.952719366702,47.6442336298287,0.8718,86.09548575,84.42,55.0,73.767,2.21278,8.18235699481776,0.8824,10.868898593896429,0.84
FRA,2022,developed_eu,74.69697376255593,115.950519429629,48.250226559098,0.8832,85.33331734,84.42,55.0,75.78,2.21937,7.18152368744248,0.8768,10.890680521722919,0.841
FRA,2023,developed_eu,76.13509886204955,116.687800394775,48.6688340139444,0.8832,86.83635789,89.17,56.0,76.07,2.17832,7.67735659155205,0.8768,10.902219155846359,0.841
FRA,2024,developed_eu,76.00143981287722,116.687800394775,48.9251978969333,0.8744,88.65381638,89.17,56.0,76.07,2.17832,7.56867927222552,0.844,10.91143357996281,0.841
FRA,2025,developed_eu,75.8993758185406,116.687800394775,48.9251978969333,0.8744,88.65381638,89.17,56.0,76.07,2.17832,6.83711056149807,0.844,10.917350254554389,0.8547149047619053
GBR,2012,developed_eu,73.9033756449154,122.465231814068,33.9047903389849,0.89603,87.4799984242111,74.58432333333334,61.25,85.27001,1.57587,7.26031989936611,0.97385,10.781030375823345,0.886
GBR,2013,developed_eu,75.07823559282974,122.184696024755,35.7819878642114,0.89603,89.8441,74.98300333333334,61.25,85.95555,1.62096,7.34578041685405,0.97385,10.79138930532171,0.886
GBR,2014,developed_eu,75.69559382511844,120.958261038047,36.5828488416012,0.86948,91.6133009176453,76.44031000000001,61.25,87.1570414285714,2.26488,7.52955682920943,0.89763,10.81503050913861,0.886
GBR,2015,developed_eu,76.32321479448655,121.211739725133,37.7214944577347,0.86948,92.0002998740234,77.26123000000001,61.25,87.68447476190475,2.27566,7.90452995284113,0.89763,10.828992364084138,0.896
GBR,2016,developed_eu,80.23032367125134,119.786558760596,38.6588569366885,0.91928,94.7758006318882,82.11256428571429,59.38440833333336,88.66092333333332,2.32051,7.77804452747647,1.0,10.842875333637998,0.896
GBR,2017,developed_eu,79.48394394201553,119.206737402819,39.2489467665261,0.91928,90.4245504868553,79.00356904761905,61.3,90.69000000000001,2.32602,7.89307708064,1.0,10.86721758522021,0.896
GBR,2018,developed_eu,79.58454079993228,118.184381927412,39.8293995840604,0.8999,90.692008988783,79.53200238095238,61.3,90.69000000000001,2.70889,7.90063061407418,0.9792,10.877727132663901,0.922
GBR,2019,developed_eu,80.38803040406574,120.250108782533,40.022769455921,0.8999,92.5166285497138,80.95798238095237,61.3,90.69000000000001,2.6707,7.74245208143597,0.9792,10.885080752969104,0.928
GBR,2020,developed_eu,82.25342657986714,117.304850715261,40.5775246507294,0.9358,94.81820132,89.61,59.78,81.124,2.93993,9.42077263731298,0.9588,10.777508347082708,0.928
GBR,2021,developed_eu,82.6051581146735,117.887430294308,41.1134869970784,0.9358,96.19650269,89.61,59.8,81.124,2.89968,8.95735209282168,0.9588,10.855925865413957,0.928
GBR,2022,developed_eu,80.54467622063811,119.833999505569,41.2867157729584,0.9138,95.46530151,89.61,59.7,78.54,2.75224,8.65599314370706,0.8859,10.896364587037436,0.93
GBR,2023,developed_eu,79.85125204308991,122.781542240418,41.4367685540411,0.9138,95.44719696,80.0,62.4,78.57,2.67614,8.91273931208281,0.8859,10.886004554881648,0.93
GBR,2024,developed_eu,82.05423857522565,121.643331373201,42.1648283773461,0.9577,95.4720993,80.0,62.4,78.57,2.67614,9.24867865376499,0.9535,10.885791930447674,0.93
GBR,2025,developed_eu,82.02332528601997,121.643331373201,42.1648283773461,0.9577,95.4720993,80.0,62.4,78.57,2.67614,9.02710007186112,0.9535,10.896611859289386,0.9288040000000001
IND,2012,developing,17.252046997181875,67.6263517922249,1.17169600055105,0.38287,11.10000038,68.4051671428572,36.17,68.95282766666669,0.74399,46.1653897891748,0.53594,8.576122631845719,0.492
IND,2013,developing,17.847412041985937,68.3966708179098,1.15197793176359,0.38287,12.30000019,68.4051671428572,36.17,68.92895766666669,0.70642,48.4413845617866,0.53594,8.624700392249503,0.492
IND,2014,developing,18.48179226196425,71.9366825449914,1.20020374567342,0.38343,13.5,68.4051671428572,36.17,68.92895766666669,0.70158,47.5793301671388,0.5433,8.683572710188054,0.492
IND,2015,developing,19.347857643271823,75.379332347226,1.27578595315943,0.38343,14.89999962,68.4051671428572,36.17,68.80221766666669,0.6931,48.867001424996,0.5433,8.748570507214504,0.535
IND,2016,developing,25.09799156773379,83.917838213735,1.38795276378032,0.46375,16.5,68.49616714285719,36.47586666666665,68.96076266666668,0.66984,47.300749949433,0.74638,8.815985639211323,0.535
IND,2017,developing,25.898245149384625,85.9703537817688,1.31327377028949,0.46375,18.20000076,68.52216714285719,36.58,75.14999999999999,0.66603,42.3751022077089,0.74638,8.870106190966709,0.535
IND,2018,developing,31.383889328811478,85.5500756367908,1.3217822859385,0.5669,20.0813000379384,67.56399761904765,36.58,75.14999999999999,0.66001,41.3042841946734,0.9514,8.921674584842592,0.555
IND,2019,developing,33.67120629911736,82.898144918237,1.37913181839908,0.5669,29.52350044,67.56399761904765,36.58,75.14999999999999,0.65942,43.95814821332,0.9514,8.949258210518808,0.555
IND,2020,developing,34.84408331941217,82.2540479927426,1.63622632751685,0.5964,43.40544313,67.53,35.59,55.983,0.64558,48.9656874345531,0.8529,8.880010259769668,0.555
IND,2021,developing,36.45067096213482,81.603974311212,1.9487996093033,0.5964,49.2580986,67.53,36.4,55.983,0.64558,49.6661074598787,0.8529,8.964268081907903,0.556
IND,2022,developing,37.83118214340052,80.1818007717416,2.35231555917724,0.5883,55.9,67.53,36.6,63.67,0.64558,46.8040630285382,0.7934,9.029703569562734,0.57
IND,2023,developing,40.516540019339274,80.5631998772888,2.74534696441771,0.5883,60.25230026,75.83,38.1,62.58,0.6409532022222222,48.1688192762242,0.7934,9.090492111270386,0.57
IND,2024,developing,44.39694336779666,79.3526921826412,3.15046250037677,0.6678,64.9434967,75.83,38.1,62.58,0.6198639028571428,47.4135569645014,0.8184,9.150171104580217,0.57
IND,2025,developing,45.698943858685155,79.3526921826412,3.15046250037677,0.6678,70.0,75.83,38.1,62.58,0.60062305,48.5955481655845,0.8184,9.214239848232358,0.5663650000000002
MKD,2012,balkan,33.369790194193456,110.268442239858,15.4034279276413,0.55865,57.449947312961,65.6451961904762,38.18,56.32242057142857,0.32676,9.95415320596921,0.45098,9.752082844191033,0.68
MKD,2013,balkan,35.87813718012527,111.124632440594,16.8126639116268,0.55865,65.24,65.6451961904762,38.18,56.410292,0.43894,10.3525550234917,0.45098,9.784604211984838,0.68
MKD,2014,balkan,31.971247024092985,111.342589695936,17.7239038498213,0.47198,68.0584815397496,65.58906285714288,38.18,56.73592000000001,0.51646,9.35873233471654,0.24409,9.822939221073893,0.68
MKD,2015,balkan,31.686972213820038,105.212016364652,18.4016994838328,0.47198,70.3802030766689,64.9092961904762,38.18,56.410292,0.44412,9.42666308795002,0.24409,9.863450356133296,0.692
MKD,2016,balkan,39.41576742972921,104.549883518699,19.4533715332855,0.58855,72.1568144676058,65.3941961904762,37.13701428571428,55.31815866666667,0.43585,10.790112215643,0.6087,9.894738010107423,0.692
MKD,2017,balkan,39.15336891985839,103.458690624197,20.4183259234605,0.58855,74.5168241807954,65.7346961904762,35.29,52.839999999999996,0.35439,10.2221203985445,0.6087,9.909521860328104,0.692
MKD,2018,balkan,43.17095498708189,102.572291491295,22.2929498345599,0.6312,79.1677551850871,65.7346961904762,35.29,52.839999999999996,0.36367,11.6284345131118,0.7153,9.942992942437037,0.698
MKD,2019,balkan,44.220045237921006,101.231634434543,23.9402500262168,0.6312,81.4128827618364,66.2129461904762,35.29,52.839999999999996,0.36783,13.4156199710591,0.7153,9.988145020707973,0.698
MKD,2020,balkan,44.83190297001061,99.4723867063031,25.4041233643961,0.7083,81.40553811,58.44,33.43,42.995,0.37264,16.7447439543779,0.7412,9.950916891362583,0.698
MKD,2021,balkan,46.29013656958051,104.875134243923,26.9448892231031,0.7083,81.873703,58.44,34.1,42.995,0.37252,18.9276582966113,0.7412,10.005330548104768,0.704
MKD,2022,balkan,46.681557272132366,111.303079555687,28.0035734605346,0.7,83.85030365,58.44,28.8,46.11,0.37372,20.3007152180509,0.702,10.035490488891147,0.706
MKD,2023,balkan,52.09033490285195,106.458776658176,29.1771708951077,0.7,88.5,84.17,33.0,45.4,0.3699,21.0026748062036,0.702,10.062848441270585,0.706
MKD,2024,balkan,53.64375464019817,108.38712260883,29.8921727758887,0.707,93.6,84.17,33.0,45.4,0.37363,21.6117320275475,0.6642,10.094239539019553,0.706
MKD,2025,balkan,53.515173314162446,108.38712260883,29.8921727758887,0.707,93.1,84.17,33.0,45.4,0.37363,21.5247930087355,0.6642,10.130408859167302,0.7785119999999999
SRB,2012,balkan,39.03507577850513,127.199184289925,14.8105248871613,0.63119,48.09999847,73.29173952380953,37.87,56.711628571428555,0.81922,12.1306370282431,0.57516,9.7977833509917,0.76
SRB,2013,balkan,40.66197936530643,128.668140961621,16.4163582396862,0.63119,53.450364175,74.22113952380951,37.87,56.71394190476189,0.65574,12.764254671783,0.57516,9.80715310866877,0.76
SRB,2014,balkan,38.85230955939392,131.35311754636,16.7418077691238,0.54715,62.0750804639377,74.22113952380951,37.87,58.574628571428555,0.69287,12.7854987876277,0.3937,9.793808601877709,0.76
SRB,2015,balkan,40.17252977927099,129.383588087229,18.6568767159217,0.54715,65.3170254003801,74.21578952380952,37.87,58.517995238095224,0.77867,14.2871334982638,0.3937,9.811800302806745,0.77
SRB,2016,balkan,50.008202438031354,129.17749484679,20.6094025912635,0.71308,67.0568413716938,74.08398285714286,36.250099999999996,55.09319466666666,0.80779,16.1721884901003,0.81884,9.846355225261764,0.77
SRB,2017,balkan,50.16050558161652,123.142754551775,21.1492657800305,0.71308,70.3308355269141,74.42014952380951,35.71,53.64,0.83834,17.1263254131134,0.81884,9.875036210052931,0.77
SRB,2018,balkan,50.63248115661855,121.074823902706,22.2890953800272,0.7155,73.360709154564,75.00218952380953,35.71,53.64,0.88154,18.729600792981,0.7361,9.925944784835194,0.783
SRB,2019,balkan,52.13642559938136,122.047741314232,23.4424592934158,0.7155,77.4167736219802,75.20958952380954,35.71,53.64,0.84798,20.523592320891,0.7361,9.97771924292336,0.783
SRB,2020,balkan,55.05637376984156,120.216859464106,25.1834994361532,0.7474,78.36804864,80.52,34.33,53.431,0.86478,23.218504976172,0.7941,9.974834663873407,0.783
SRB,2021,balkan,56.89827114218757,125.075587327252,26.4794202826056,0.7474,81.16588116,80.52,35.0,53.431,0.94784,23.8026092279962,0.7941,10.060760776389332,0.778
SRB,2022,balkan,61.17922962218373,129.813149647571,29.3457941392192,0.8237,83.53825397,80.52,32.3,52.96,0.91938,24.362916235069,0.8514,10.112607138866297,0.78
SRB,2023,balkan,62.59552577977765,128.471147595832,31.2695286708104,0.8237,85.35746686,80.83,33.1,55.57,0.87816,26.2535842010438,0.8514,10.155612398683838,0.78
SRB,2024,balkan,64.86715072492385,123.822194984291,33.3746847922718,0.8618,87.69071294,80.83,33.1,55.57,0.93978,28.5641919197405,0.854,10.19990913153209,0.78
SRB,2025,balkan,65.04849505304954,123.822194984291,33.3746847922718,0.8618,87.69071294,80.83,33.1,55.57,0.93978,29.8640218665001,0.854,10.225693929334053,0.8107553968253973
SVN,2012,balkan,55.91827438088519,109.148058194505,24.8054736692412,0.74921,68.3499745287825,66.85407333333333,47.32,79.50503095238093,2.58339,8.06338948253598,0.66666,10.51977281046203,0.886
SVN,2013,balkan,57.424863768288844,111.044907196462,25.5111136181393,0.74921,72.6756,67.25522666666667,47.32,79.57590095238092,2.59426,8.41706617492133,0.66666,10.510143666117422,0.886
SVN,2014,balkan,51.61453414315147,113.019086174171,27.0022702087688,0.65054,71.5862515855601,67.26378666666668,47.32,79.3255676190476,2.38854,8.012376577411,0.42519,10.536413704554239,0.886
SVN,2015,balkan,51.956370633266914,114.271192414174,27.6233320566015,0.65054,73.0986599745829,67.44614666666668,47.32,79.04120095238093,2.21611,8.71196277777616,0.42519,10.559312953134846,0.894
SVN,2016,balkan,59.46339315997655,115.736307790972,28.5889065200718,0.77691,75.4985042610791,67.46536000000002,46.52828666666668,72.13967380952381,2.02922,8.45885214600295,0.84783,10.588473852415477,0.894
SVN,2017,balkan,58.76696207085568,118.461993493049,29.180424842781,0.77691,78.8854263554775,68.60059333333335,45.25,62.32,1.88219,7.33688541406128,0.84783,10.638272021214835,0.894
SVN,2018,balkan,58.66072016269633,119.153401263409,29.6086313428343,0.7714,79.7499765956562,69.12510285714288,45.25,62.32,1.96365,6.63656204377462,0.7986,10.677505296778728,0.907
SVN,2019,balkan,59.98719783526189,120.568876746571,30.1395433223627,0.7714,83.1083578026717,69.05663619047621,45.25,62.32,2.05725,7.27911941458538,0.7986,10.70499443849652,0.91
SVN,2020,balkan,63.39285387332084,121.331428226248,30.9930132861242,0.8546,86.60130109,67.53,42.91,55.986,2.15559,9.4334752728112,0.8529,10.656589078636433,0.91
SVN,2021,balkan,64.38538208629043,123.362924143622,31.5502669986288,0.8546,89.00399524,67.53,44.1,55.986,2.13847,8.74972258076989,0.8529,10.734714027134231,0.91
SVN,2022,balkan,65.71683200604673,126.45918075971,32.0104972135392,0.8781,88.91248552,67.53,40.6,61.45,2.1,8.39680736516205,0.8666,10.75915500275801,0.912
SVN,2023,balkan,70.09462849308665,129.227963043737,31.8814801387465,0.8781,90.37794678,89.17,42.2,62.63,2.13385,8.36068302333236,0.8666,10.778673324558742,0.912
SVN,2024,balkan,70.80015205567881,130.86090177123,34.2332575162942,0.8759,90.76355487,89.17,42.2,62.63,2.13385,8.66604534266778,0.864,10.79257205895993,0.912
SVN,2025,balkan,70.85538768278754,130.86090177123,34.2332575162942,0.8759,90.76355487,89.17,42.2,62.63,2.13385,9.0619602465748,0.864,10.80143137323311,0.9117931111111112
USA,2012,developed_non_eu,67.77949499992194,96.1284261999864,29.1736109719443,0.86873,74.7,69.44675142857145,60.31,88.33996095238093,2.67272,4.89484858839231,1.0,11.020960255204994,0.9
USA,2013,developed_non_eu,67.35705794577899,97.0595305732914,29.9996164764959,0.86873,71.4,69.44675142857145,60.31,88.33996095238093,2.69591,5.04909537736164,1.0,11.034351811944425,0.9
USA,2014,developed_non_eu,67.80162212568453,99.839569071329,30.270920842,0.87483,73.0,69.29961809523812,60.31,88.12025428571425,2.70882,5.10256918301301,0.94488,11.05131654802287,0.9
USA,2015,developed_non_eu,68.77263088408219,101.831958781319,31.3412129772455,0.87483,74.5542024462761,69.23068476190478,60.31,88.12025428571425,2.77328,5.3843044542327,0.94488,11.072367526967415,0.9
USA,2016,developed_non_eu,70.4041284678353,102.751864866695,32.1144006365866,0.84201,85.5444212887222,68.65958476190477,60.540324999999996,88.08055428571426,2.83677,5.50438456530896,0.92754,11.082542247419385,0.9
USA,2017,developed_non_eu,71.03113578197612,102.380562632686,32.5702836317829,0.84201,87.2748891687657,67.50578476190476,61.73,88.04,2.88315,5.69057151693249,0.92754,11.099892271030287,0.9
USA,2018,developed_non_eu,73.63424034199305,103.935307364,33.0559177307939,0.8769,88.498903165152,68.02878476190477,61.73,88.04,2.98956,5.7758266986912,0.9861,11.123261496109643,0.903
USA,2019,developed_non_eu,74.56373306180785,105.32074052965,33.835216356436,0.8769,89.4302848575712,67.63265142857145,61.73,88.04,3.14297,6.72149072800021,0.9861,11.143620497029687,0.9
USA,2020,developed_non_eu,76.30249852591466,103.855170008567,35.7156999293054,0.9297,90.34470367,64.94,60.56,85.479,3.41788,8.15583930543226,0.9471,11.118501643879615,0.9
USA,2021,developed_non_eu,77.2586799706068,106.324514306135,37.0074278936277,0.9297,91.2684021,64.94,61.3,85.479,3.4689,7.80759603820996,0.9471,11.176630460370824,0.9
USA,2022,developed_non_eu,77.42789390861331,108.785640656159,37.4887954801437,0.9151,92.72850037,64.94,61.8,85.72,3.48736,7.41605824254572,0.9304,11.195865978937524,0.903
USA,2023,developed_non_eu,81.1261694945346,112.410910606372,38.0939254696383,0.9151,93.52559662,84.17,63.5,84.8,3.44716,7.50979594765926,0.9304,11.216561437442397,0.903
USA,2024,developed_non_eu,81.70001786490164,113.190481805755,38.8571729185246,0.9195,94.69380188,84.17,63.5,84.8,3.44716,7.87536206990779,0.9136,11.234509361664905,0.903
USA,2025,developed_non_eu,81.75899623857697,113.190481805755,38.8571729185246,0.9195,94.69380188,84.17,63.5,84.8,3.44716,8.29810402774419,0.9136,11.250668233861994,0.9058066666666663
