country_iso3,year,EDU_INDEX
MKD,2012,0.708313
MKD,2013,0.717275
MKD,2014,0.725841
MKD,2015,0.743279
MKD,2016,0.753733
MKD,2017,0.764187
MKD,2018,0.769526
MKD,2019,0.738806
MKD,2020,0.713307
MKD,2021,0.717091
MKD,2022,0.751596
MKD,2023,0.751596
MKD,2024,
MKD,2025,
SRB,2012,0.750359
SRB,2013,0.754464
SRB,2014,0.762059
SRB,2015,0.777064
SRB,2016,0.782998
SRB,2017,0.78751
SRB,2018,0.790321
SRB,2019,0.791653
SRB,2020,0.789362
SRB,2021,0.793888
SRB,2022,0.805895
SRB,2023,0.805895
SRB,2024,
SRB,2025,
SVN,2012,0.88018
SVN,2013,0.90387
SVN,2014,0.896175
SVN,2015,0.898772
SVN,2016,0.907264
SVN,2017,0.908685
SVN,2018,0.909563
SVN,2019,0.907922
SVN,2020,0.908687
SVN,2021,0.915223
SVN,2022,0.917184
SVN,2023,0.917184
SVN,2024,
SVN,2025,
FRA,2012,0.794922
FRA,2013,0.798813
FRA,2014,0.803286
FRA,2015,0.808599
FRA,2016,0.812301
FRA,2017,0.817566
FRA,2018,0.823765
FRA,2019,0.827777
FRA,2020,0.832862
FRA,2021,0.837179
FRA,2022,0.839276
FRA,2023,0.839276
FRA,2024,
FRA,2025,
GBR,2012,0.880863
GBR,2013,0.918541
GBR,2014,0.915986
GBR,2015,0.91401
GBR,2016,0.918932
GBR,2017,0.923853
GBR,2018,0.920314
GBR,2019,0.925363
GBR,2020,0.929723
GBR,2021,0.940448
GBR,2022,0.944419
GBR,2023,0.944419
GBR,2024,
GBR,2025,
DEU,2012,0.938866
DEU,2013,0.941856
DEU,2014,0.943511
DEU,2015,0.944672
DEU,2016,0.939755
DEU,2017,0.942109
DEU,2018,0.94272
DEU,2019,0.950788
DEU,2020,0.953833
DEU,2021,0.958305
DEU,2022,0.957357
DEU,2023,0.957357
DEU,2024,
DEU,2025,
USA,2012,0.896646
USA,2013,0.900246
USA,2014,0.900654
USA,2015,0.902668
USA,2016,0.907804
USA,2017,0.91021
USA,2018,0.912301
USA,2019,0.915098
USA,2020,0.917851
USA,2021,0.908426
USA,2022,0.905972
USA,2023,0.905972
USA,2024,
USA,2025,
CAN,2012,0.889982
CAN,2013,0.893905
CAN,2014,0.896389
CAN,2015,0.899664
CAN,2016,0.900261
CAN,2017,0.903013
CAN,2018,0.902147
CAN,2019,0.903059
CAN,2020,0.904307
CAN,2021,0.905689
CAN,2022,0.903674
CAN,2023,0.903674
CAN,2024,
CAN,2025,
AUS,2012,0.91
AUS,2013,0.900667
AUS,2014,0.905667
AUS,2015,0.908333
AUS,2016,0.911667
AUS,2017,0.910667
AUS,2018,0.915333
AUS,2019,0.918667
AUS,2020,0.921333
AUS,2021,0.926
AUS,2022,0.929
AUS,2023,0.929
AUS,2024,
AUS,2025,
BRA,2012,0.663285
BRA,2013,0.666477
BRA,2014,0.672893
BRA,2015,0.673817
BRA,2016,0.682509
BRA,2017,0.689639
BRA,2018,0.69666
BRA,2019,0.700008
BRA,2020,0.704862
BRA,2021,0.71359
BRA,2022,0.719532
BRA,2023,0.719532
BRA,2024,
BRA,2025,
ARG,2012,0.838427
ARG,2013,0.841721
ARG,2014,0.84762
ARG,2015,0.852463
ARG,2016,0.860381
ARG,2017,0.862805
ARG,2018,0.866051
ARG,2019,0.870667
ARG,2020,0.871333
ARG,2021,0.872819
ARG,2022,0.872819
ARG,2023,0.872819
ARG,2024,
ARG,2025,
IND,2012,0.506738
IND,2013,0.511201
IND,2014,0.524367
IND,2015,0.530406
IND,2016,0.545145
IND,2017,0.547898
IND,2018,0.536237
IND,2019,0.535879
IND,2020,0.553254
IND,2021,0.562177
IND,2022,0.578902
IND,2023,0.589182
IND,2024,
IND,2025,
