group_id,rank,factor,corr_with_dmi,abs_corr
balkan,1,X3,0.9612126127183236,0.9612126127183236
balkan,2,X3_norm,0.9612126127183234,0.9612126127183234
balkan,3,X2_norm,0.9104412755671872,0.9104412755671872
balkan,4,X2,0.9104412755671869,0.9104412755671869
balkan,5,C1,0.81947606350695,0.81947606350695
developed_eu,1,X4,0.8479885620055878,0.8479885620055878
developed_eu,2,X4_norm,0.8479885620055876,0.8479885620055876
developed_eu,3,X6,0.8080097076633382,0.8080097076633382
developed_eu,4,X6_norm,0.8080097076633382,0.8080097076633382
developed_eu,5,X3_norm,0.7290187085811269,0.7290187085811269
developed_non_eu,1,C1,0.8761377792219731,0.8761377792219731
developed_non_eu,2,X8,0.7235425202632426,0.7235425202632426
developed_non_eu,3,X8_norm,0.7235425202632426,0.7235425202632426
developed_non_eu,4,X7,0.557245214885274,0.557245214885274
developed_non_eu,5,X7_norm,0.5572452148852733,0.5572452148852733
developing,1,X3,0.9660217545467208,0.9660217545467208
developing,2,X3_norm,0.9660217545467203,0.9660217545467203
developing,3,X4,0.9613705235227767,0.9613705235227767
developing,4,X4_norm,0.9613705235227766,0.9613705235227766
developing,5,X2,0.8275777882550761,0.8275777882550761
