track,mask_pool,configuration,nrmse,n_masked
v2r_reproduction,all_non_missing,baseline_country_mean,0.40550559099358735,271.0
v2r_reproduction,all_non_missing,baseline_global_median,1.0421494521727601,271.0
v2r_reproduction,all_non_missing,baseline_group_year_mean,0.8226794534500127,271.0
v2r_reproduction,all_non_missing,mice_country_aware,0.22156524685353549,271.0
v2r_reproduction,all_non_missing,mice_group_only,0.24560700052512982,271.0
v2r_reproduction,official_only,baseline_country_mean,0.4134283451633728,193.0
v2r_reproduction,official_only,baseline_global_median,1.0152379579557016,193.0
v2r_reproduction,official_only,baseline_group_year_mean,0.8019682251544304,193.0
v2r_reproduction,official_only,mice_country_aware,0.1998537044218175,193.0
v2r_reproduction,official_only,mice_group_only,0.21671544284743346,193.0
v3_edition_harmonised,all_non_missing,baseline_country_mean,0.3325898844177582,269.0
v3_edition_harmonised,all_non_missing,baseline_global_median,0.9703012081828375,269.0
v3_edition_harmonised,all_non_missing,baseline_group_year_mean,0.8179780511035959,269.0
v3_edition_harmonised,all_non_missing,mice_country_aware,0.20981410654999857,269.0
v3_edition_harmonised,all_non_missing,mice_group_only,0.23682412596402883,269.0
v3_edition_harmonised,official_only,baseline_country_mean,0.3309285093109929,221.0
v3_edition_harmonised,official_only,baseline_global_median,1.0291637490338106,221.0
v3_edition_harmonised,official_only,baseline_group_year_mean,0.8165178035741438,221.0
v3_edition_harmonised,official_only,mice_country_aware,0.21634755393207128,221.0
v3_edition_harmonised,official_only,mice_group_only,0.240482677908348,221.0
