indicator_id,indicator_code,country_iso3,reference_year,value,edition,vintage_date,source_url,method,retrieved_at,file_sha256,verification,note
X5,NCSI_LEGACY_SCORE,ARG,2023,63.64,NCSI 2016-2023 (legacy methodology),2023-09-01,https://ncsi.ega.ee/ncsi-index/?archive=1,html,2026-09-28T15:47:12+00:00,4fb6785863e8c7a230eb40f38cb46d5b514a7bd0157f0f0b97829749c7dd443f,publisher archive page,not part of the NCSI 3.0 series; kept for the edition-break comparison
X5,NCSI_LEGACY_SCORE,AUS,2023,66.23,NCSI 2016-2023 (legacy methodology),2023-09-01,https://ncsi.ega.ee/ncsi-index/?archive=1,html,2026-09-28T15:47:12+00:00,4fb6785863e8c7a230eb40f38cb46d5b514a7bd0157f0f0b97829749c7dd443f,publisher archive page,not part of the NCSI 3.0 series; kept for the edition-break comparison
X5,NCSI_LEGACY_SCORE,BRA,2023,51.95,NCSI 2016-2023 (legacy methodology),2023-09-01,https://ncsi.ega.ee/ncsi-index/?archive=1,html,2026-09-28T15:47:12+00:00,4fb6785863e8c7a230eb40f38cb46d5b514a7bd0157f0f0b97829749c7dd443f,publisher archive page,not part of the NCSI 3.0 series; kept for the edition-break comparison
X5,NCSI_LEGACY_SCORE,CAN,2023,70.13,NCSI 2016-2023 (legacy methodology),2023-09-01,https://ncsi.ega.ee/ncsi-index/?archive=1,html,2026-09-28T15:47:12+00:00,4fb6785863e8c7a230eb40f38cb46d5b514a7bd0157f0f0b97829749c7dd443f,publisher archive page,not part of the NCSI 3.0 series; kept for the edition-break comparison
X5,NCSI_LEGACY_SCORE,DEU,2023,90.91,NCSI 2016-2023 (legacy methodology),2023-09-01,https://ncsi.ega.ee/ncsi-index/?archive=1,html,2026-09-28T15:47:12+00:00,4fb6785863e8c7a230eb40f38cb46d5b514a7bd0157f0f0b97829749c7dd443f,publisher archive page,not part of the NCSI 3.0 series; kept for the edition-break comparison
X5,NCSI_LEGACY_SCORE,FRA,2023,84.42,NCSI 2016-2023 (legacy methodology),2023-09-01,https://ncsi.ega.ee/ncsi-index/?archive=1,html,2026-09-28T15:47:12+00:00,4fb6785863e8c7a230eb40f38cb46d5b514a7bd0157f0f0b97829749c7dd443f,publisher archive page,not part of the NCSI 3.0 series; kept for the edition-break comparison
X5,NCSI_LEGACY_SCORE,GBR,2023,89.61,NCSI 2016-2023 (legacy methodology),2023-09-01,https://ncsi.ega.ee/ncsi-index/?archive=1,html,2026-09-28T15:47:12+00:00,4fb6785863e8c7a230eb40f38cb46d5b514a7bd0157f0f0b97829749c7dd443f,publisher archive page,not part of the NCSI 3.0 series; kept for the edition-break comparison
X5,NCSI_LEGACY_SCORE,IND,2023,67.53,NCSI 2016-2023 (legacy methodology),2023-09-01,https://ncsi.ega.ee/ncsi-index/?archive=1,html,2026-09-28T15:47:12+00:00,4fb6785863e8c7a230eb40f38cb46d5b514a7bd0157f0f0b97829749c7dd443f,publisher archive page,not part of the NCSI 3.0 series; kept for the edition-break comparison
X5,NCSI_LEGACY_SCORE,MKD,2023,58.44,NCSI 2016-2023 (legacy methodology),2023-09-01,https://ncsi.ega.ee/ncsi-index/?archive=1,html,2026-09-28T15:47:12+00:00,4fb6785863e8c7a230eb40f38cb46d5b514a7bd0157f0f0b97829749c7dd443f,publisher archive page,not part of the NCSI 3.0 series; kept for the edition-break comparison
X5,NCSI_LEGACY_SCORE,SRB,2023,80.52,NCSI 2016-2023 (legacy methodology),2023-09-01,https://ncsi.ega.ee/ncsi-index/?archive=1,html,2026-09-28T15:47:12+00:00,4fb6785863e8c7a230eb40f38cb46d5b514a7bd0157f0f0b97829749c7dd443f,publisher archive page,not part of the NCSI 3.0 series; kept for the edition-break comparison
X5,NCSI_LEGACY_SCORE,SVN,2023,67.53,NCSI 2016-2023 (legacy methodology),2023-09-01,https://ncsi.ega.ee/ncsi-index/?archive=1,html,2026-09-28T15:47:12+00:00,4fb6785863e8c7a230eb40f38cb46d5b514a7bd0157f0f0b97829749c7dd443f,publisher archive page,not part of the NCSI 3.0 series; kept for the edition-break comparison
X5,NCSI_LEGACY_SCORE,USA,2023,64.94,NCSI 2016-2023 (legacy methodology),2023-09-01,https://ncsi.ega.ee/ncsi-index/?archive=1,html,2026-09-28T15:47:12+00:00,4fb6785863e8c7a230eb40f38cb46d5b514a7bd0157f0f0b97829749c7dd443f,publisher archive page,not part of the NCSI 3.0 series; kept for the edition-break comparison
X5,NCSI_SCORE,ARG,2024,58.33,NCSI 3.0,2024-01-16,https://ncsi.ega.ee/country/ar/,html,2026-09-28T15:47:10+00:00,6b156d6e8affb55c8acc6b70215a4c29dcc37a322ff6e74414250330854df029,dated version history; latest version equals page headline,value in force on 2024-12-31 (version of 2024-01-16)
X5,NCSI_SCORE,ARG,2025,58.33,NCSI 3.0,2024-01-16,https://ncsi.ega.ee/country/ar/,html,2026-09-28T15:47:10+00:00,6b156d6e8affb55c8acc6b70215a4c29dcc37a322ff6e74414250330854df029,dated version history; latest version equals page headline,value in force on 2025-12-31 (version of 2024-01-16)
X5,NCSI_SCORE,AUS,2024,87.5,NCSI 3.0,2024-01-31,https://ncsi.ega.ee/country/au/,html,2026-09-28T15:47:08+00:00,e1275422a82390fc143d9e6924312de12aed040797356a2a678fab3e5301cccd,dated version history; latest version equals page headline,value in force on 2024-12-31 (version of 2024-01-31)
X5,NCSI_SCORE,AUS,2025,87.5,NCSI 3.0,2024-01-31,https://ncsi.ega.ee/country/au/,html,2026-09-28T15:47:08+00:00,e1275422a82390fc143d9e6924312de12aed040797356a2a678fab3e5301cccd,dated version history; latest version equals page headline,value in force on 2025-12-31 (version of 2024-01-31)
X5,NCSI_SCORE,BRA,2025,71.67,NCSI 3.0,2025-03-15,https://ncsi.ega.ee/country/br/,html,2026-09-28T15:47:09+00:00,b4758ea2c075a9fbdb247b81b5929b2de0c0ceec48d58c2cdc9ca3ea831032e3,dated version history; latest version equals page headline,value in force on 2025-12-31 (version of 2025-03-15)
X5,NCSI_SCORE,CAN,2024,87.5,NCSI 3.0,2024-10-15,https://ncsi.ega.ee/country/ca/,html,2026-09-28T15:47:07+00:00,af27e967da4e367d9eb031aa9e1cddeda9307c474291eebfb6fed3b9c5c96bdd,dated version history; latest version equals page headline,value in force on 2024-12-31 (version of 2024-10-15)
X5,NCSI_SCORE,CAN,2025,96.67,NCSI 3.0,2025-04-30,https://ncsi.ega.ee/country/ca/,html,2026-09-28T15:47:07+00:00,af27e967da4e367d9eb031aa9e1cddeda9307c474291eebfb6fed3b9c5c96bdd,dated version history; latest version equals page headline,value in force on 2025-12-31 (version of 2025-04-30)
X5,NCSI_SCORE,DEU,2025,90.83,NCSI 3.0,2025-06-15,https://ncsi.ega.ee/country/de/,html,2026-09-28T15:47:06+00:00,004dab043b560965ed5a62f554d7c9e077a196aaf8b3ede045b9d309082e576a,dated version history; latest version equals page headline,value in force on 2025-12-31 (version of 2025-06-15)
X5,NCSI_SCORE,FRA,2025,89.17,NCSI 3.0,2025-07-15,https://ncsi.ega.ee/country/fr/,html,2026-09-28T15:47:04+00:00,89b61ae9132a1fc381d5cf0d12821cf41b09bba73c922e34ff70e9f74dbb38db,dated version history; latest version equals page headline,value in force on 2025-12-31 (version of 2025-07-15)
X5,NCSI_SCORE,GBR,2023,75.0,NCSI 3.0,2023-11-29,https://ncsi.ega.ee/country/gb/,html,2026-09-28T15:47:05+00:00,c019cc5fd8e13cd6fb6a5ff24aed4ccfaf32a263c21636e77e6b861595d7b333,dated version history; latest version equals page headline,value in force on 2023-12-31 (version of 2023-11-29)
X5,NCSI_SCORE,GBR,2024,75.0,NCSI 3.0,2023-11-29,https://ncsi.ega.ee/country/gb/,html,2026-09-28T15:47:05+00:00,c019cc5fd8e13cd6fb6a5ff24aed4ccfaf32a263c21636e77e6b861595d7b333,dated version history; latest version equals page headline,value in force on 2024-12-31 (version of 2023-11-29)
X5,NCSI_SCORE,GBR,2025,80.0,NCSI 3.0,2025-12-31,https://ncsi.ega.ee/country/gb/,html,2026-09-28T15:47:05+00:00,c019cc5fd8e13cd6fb6a5ff24aed4ccfaf32a263c21636e77e6b861595d7b333,dated version history; latest version equals page headline,value in force on 2025-12-31 (version of 2025-12-31)
X5,NCSI_SCORE,IND,2025,75.83,NCSI 3.0,2025-08-29,https://ncsi.ega.ee/country/in/,html,2026-09-28T15:47:11+00:00,ac849392bfe99fbf6d999cefd33744df51de2a80f4270a85af4aeea0fde4b3c6,dated version history; latest version equals page headline,value in force on 2025-12-31 (version of 2025-08-29)
X5,NCSI_SCORE,MKD,2023,56.67,NCSI 3.0,2023-11-29,https://ncsi.ega.ee/country/mk/,html,2026-09-28T15:47:01+00:00,d429b047559562de0c8a35b2380520882ec674486982e81009145f1714c58658,dated version history; latest version equals page headline,value in force on 2023-12-31 (version of 2023-11-29)
X5,NCSI_SCORE,MKD,2024,56.67,NCSI 3.0,2023-11-29,https://ncsi.ega.ee/country/mk/,html,2026-09-28T15:47:01+00:00,d429b047559562de0c8a35b2380520882ec674486982e81009145f1714c58658,dated version history; latest version equals page headline,value in force on 2024-12-31 (version of 2023-11-29)
X5,NCSI_SCORE,MKD,2025,66.67,NCSI 3.0,2025-04-30,https://ncsi.ega.ee/country/mk/,html,2026-09-28T15:47:01+00:00,d429b047559562de0c8a35b2380520882ec674486982e81009145f1714c58658,dated version history; latest version equals page headline,value in force on 2025-12-31 (version of 2025-04-30)
X5,NCSI_SCORE,SRB,2024,72.5,NCSI 3.0,2024-10-31,https://ncsi.ega.ee/country/rs/,html,2026-09-28T15:47:02+00:00,384f8d1eb236c45128f6a7b75a4433e6b02b4561b5963e1b4dbbfd3b7062b5e4,dated version history; latest version equals page headline,value in force on 2024-12-31 (version of 2024-10-31)
X5,NCSI_SCORE,SRB,2025,72.5,NCSI 3.0,2024-10-31,https://ncsi.ega.ee/country/rs/,html,2026-09-28T15:47:02+00:00,384f8d1eb236c45128f6a7b75a4433e6b02b4561b5963e1b4dbbfd3b7062b5e4,dated version history; latest version equals page headline,value in force on 2025-12-31 (version of 2024-10-31)
X5,NCSI_SCORE,SVN,2025,89.17,NCSI 3.0,2025-11-30,https://ncsi.ega.ee/country/si/,html,2026-09-28T15:47:03+00:00,7ec400f03fad3da775d0d20df7bf623fa3ecec231e61958c3db0c4a942f525f1,dated version history; latest version equals page headline,value in force on 2025-12-31 (version of 2025-11-30)
X5,NCSI_SCORE,USA,2024,84.17,NCSI 3.0,2024-03-28,https://ncsi.ega.ee/country/us/,html,2026-09-28T15:47:07+00:00,4ca793e3f62dfeeb63963626d29038c09421b92313fedbf0fea0a984b9537244,dated version history; latest version equals page headline,value in force on 2024-12-31 (version of 2024-03-28)
X5,NCSI_SCORE,USA,2025,84.17,NCSI 3.0,2024-03-28,https://ncsi.ega.ee/country/us/,html,2026-09-28T15:47:07+00:00,4ca793e3f62dfeeb63963626d29038c09421b92313fedbf0fea0a984b9537244,dated version history; latest version equals page headline,value in force on 2025-12-31 (version of 2024-03-28)
