country_iso3,year_0,year_T,DMI_0,DMI_T,log_DMI_0,growth,n_obs,group_id,C1,C2
ARG,2012,2025,39.373585709313716,57.73678580033339,3.6730951780070926,0.38279932790189086,14,developing,10.269031880968202,0.838427
AUS,2012,2025,64.33592243838544,75.40233600299075,4.164118144583211,0.1587201114228094,14,developed_non_eu,10.904190821660558,0.91
BRA,2012,2025,36.07473258380907,57.93809115933529,3.5855926918482344,0.4737823548231579,14,developing,9.843324487923363,0.663285
CAN,2012,2025,67.2994578732612,73.56927676260484,4.209152181243218,0.08907532205055269,14,developed_non_eu,10.897383232416692,0.889982
DEU,2012,2025,70.39450901793994,83.82198562173569,4.254115263217818,0.17458006811491344,14,developed_eu,10.970099530183633,0.938866
FRA,2012,2025,67.90469721666129,76.10358745655014,4.218105210620552,0.11399019448354064,14,developed_eu,10.818489993082492,0.794922
GBR,2012,2025,77.12109615814447,81.46832805355278,4.345376863870163,0.05483746800727296,14,developed_eu,10.781030375823345,0.880863
IND,2012,2025,14.636413390487863,50.95066807218913,2.683512491530417,1.2473453803622458,14,developing,8.576122631845719,0.506738
MKD,2012,2025,32.8227893129369,50.022361110973485,3.4911230702571387,0.4213470574164262,14,balkan,9.752082844191033,0.708313
SRB,2012,2025,39.400277465256934,63.90924359962085,3.673772858544496,0.48369114964820126,14,balkan,9.7977833509917,0.750359
SVN,2012,2025,57.619030460373075,71.14234847441686,4.0538529030721415,0.21082987491364147,14,balkan,10.51977281046203,0.88018
USA,2012,2025,69.62385331309696,81.86264273981848,4.243107228641045,0.16193552555490953,14,developed_non_eu,11.020960255204994,0.896646
