term,FE,FE_group:balkan,FE_group:developed_eu,FE_group:developed_non_eu,FE_group:developing,RE
C1_lag1,0.0005208644003895646,0.10302026238569928,0.07402990673774124,0.13777694643263216,0.05172607551654962,0.5207928859712507
C2_lag1,0.5533010685929045,0.4042770112120566,0.07940921025545311,0.9534061950086206,0.32528247691587664,0.9780282488304337
X10_lag1,0.1399086332864945,0.6526172069700167,0.38564839732634804,0.9651203079773429,0.15876183993518822,3.526349287441555e-05
X1_lag1,0.47972505425568635,0.7429152336340838,0.20660223368910002,1.4314321814534736e-06,0.28947700655841935,6.270658881035729e-09
X2_lag1,0.0008285398262057875,0.9364733623356862,0.000714491873530898,0.3347567342296336,0.10994903546622958,2.0872192862952943e-14
X3_lag1,0.01856490268185018,0.8850017887843591,0.11105869418529202,2.8608078128655734e-09,0.22636223612533946,0.0003995630228239566
X4_lag1,7.4073924771767e-10,0.04295776102233173,0.3210083883666375,0.00011770503703356638,0.022195272150935086,0.0
X5_lag1,0.20562110834441993,0.07840728223916749,0.4606740128919682,3.069990432980063e-07,0.4429881029921565,1.1292372592563993e-08
X6_lag1,0.01120487101342027,0.0009051501048618071,0.02598219787942191,0.10150502669442152,1.5631940186722204e-11,2.4730535171268997e-05
X7_lag1,0.955757746922032,0.6800425529917129,4.079314663840705e-11,0.013473179976587701,3.416025240454701e-10,8.293732780728647e-05
X8_lag1,0.19948693211170188,0.9504312023668371,0.0049926609884889395,0.2849372493843094,0.37393799660432636,9.004019752012482e-10
X9_lag1,0.7094419070539493,0.0034756271133724592,0.04844735294111069,0.9683904002478896,0.06393462839222197,5.1736392947532295e-14
const,2.7486592706349455e-06,0.08231693076640911,0.5042438547536621,0.38519515702893203,3.0289396882432484e-05,2.1393007165748656e-06
