feature,grid_value,partial_dependence
X6_lag1,28.722506000000003,56.979307348875075
X6_lag1,30.461078315789475,57.56542177569096
X6_lag1,32.19965063157895,58.18096329204835
X6_lag1,33.93822294736842,58.82327556908973
X6_lag1,35.6767952631579,59.48897904711256
X6_lag1,37.41536757894737,60.17395194847328
X6_lag1,39.153939894736844,60.87333017252549
X6_lag1,40.89251221052632,61.58152846486613
X6_lag1,42.63108452631579,62.29228462366944
X6_lag1,44.369656842105265,62.99872772163199
X6_lag1,46.10822915789474,63.69347041107667
X6_lag1,47.84680147368421,64.368724380206
X6_lag1,49.585373789473685,65.01643698688747
X6_lag1,51.32394610526316,65.62844606520599
X6_lag1,53.06251842105263,66.1966489348445
X6_lag1,54.80109073684211,66.71318079929281
X6_lag1,56.53966305263158,67.1705970471869
X6_lag1,58.27823536842105,67.56205351567816
X6_lag1,60.016807684210534,67.88147856916537
X6_lag1,61.75538,68.12373091165267
X8_lag1,0.3725752,57.38163608026829
X8_lag1,0.5336865684210527,58.253882528966095
X8_lag1,0.6947979368421053,59.148842207582575
X8_lag1,0.8559093052631579,60.056330861425934
X8_lag1,1.0170206736842107,60.96538293536877
X8_lag1,1.1781320421052632,61.86446503367547
X8_lag1,1.3392434105263158,62.74171209531504
X8_lag1,1.5003547789473686,63.585179722292345
X8_lag1,1.6614661473684211,64.38310545294202
X8_lag1,1.8225775157894737,65.12417137797551
X8_lag1,1.9836888842105265,65.79776036585059
X8_lag1,2.144800252631579,66.39419829760007
X8_lag1,2.3059116210526316,66.90497510252823
X8_lag1,2.4670229894736844,67.3229380199724
X8_lag1,2.628134357894737,67.64245136622881
X8_lag1,2.7892457263157895,67.85951813093605
X8_lag1,2.9503570947368423,67.97185992922547
X8_lag1,3.111468463157895,67.97895315536871
X8_lag1,3.2725798315789474,67.88202057685162
X8_lag1,3.4336912,67.68397902783114
X4_lag1,52.313373244,56.852682983093416
X4_lag1,54.60318822,57.49734436984129
X4_lag1,56.893003195999995,58.15378871182917
X4_lag1,59.182818172,58.81812539403115
X4_lag1,61.472633148,59.48621626895944
X4_lag1,63.762448124,60.15371593033387
X4_lag1,66.0522631,60.816116837766266
X4_lag1,68.342078076,61.46879867915518
X4_lag1,70.63189305200001,62.10708124290154
X4_lag1,72.92170802800001,62.726279970464304
X4_lag1,75.211523004,63.32176327443573
X4_lag1,77.50133798,63.8890106411113
X4_lag1,79.791152956,64.42367049186436
X4_lag1,82.08096793200001,64.92161675633795
X4_lag1,84.370782908,65.37900311371072
X4_lag1,86.660597884,65.79231388655005
X4_lag1,88.95041286,66.15841062476473
X4_lag1,91.240227836,66.47457349390004
X4_lag1,93.530042812,66.73853668074707
X4_lag1,95.81985778800001,66.94851714756145
X2_lag1,2.134416946245312,54.53667260021372
X2_lag1,4.501271683066717,55.27886510447831
X2_lag1,6.868126419888122,56.08121210369342
X2_lag1,9.234981156709527,56.93607325598092
X2_lag1,11.601835893530932,57.83366510699636
X2_lag1,13.968690630352338,58.76217556254857
X2_lag1,16.33554536717374,59.70796983068488
X2_lag1,18.702400103995146,60.65588609106442
X2_lag1,21.06925484081655,61.58961414089738
X2_lag1,23.436109577637957,62.49214526804723
X2_lag1,25.802964314459363,63.34627695692995
X2_lag1,28.169819051280765,64.13515208464533
X2_lag1,30.53667378810217,64.84280932694368
X2_lag1,32.90352852492357,65.45471982229125
X2_lag1,35.270383261744975,65.95828491155306
X2_lag1,37.637237998566384,66.34327105421787
X2_lag1,40.004092735387786,66.60216078233694
X2_lag1,42.37094747220919,66.73040264149374
X2_lag1,44.7378022090306,66.72654823279422
X2_lag1,47.104656945852,66.59227037586182
