country_iso3,year,indicator_id,indicator_code,value,source,retrieved_at
MKD,2012,X3,EGDI,0.55865,un_egdi,2026-09-28T16:03:28+00:00
MKD,2013,X3,EGDI,,un_egdi,2026-09-28T16:03:28+00:00
MKD,2014,X3,EGDI,0.47198,un_egdi,2026-09-28T16:03:28+00:00
MKD,2015,X3,EGDI,,un_egdi,2026-09-28T16:03:28+00:00
MKD,2016,X3,EGDI,0.58855,un_egdi,2026-09-28T16:03:28+00:00
MKD,2017,X3,EGDI,,un_egdi,2026-09-28T16:03:28+00:00
MKD,2018,X3,EGDI,0.6312,un_egdi,2026-09-28T16:03:28+00:00
MKD,2019,X3,EGDI,,un_egdi,2026-09-28T16:03:28+00:00
MKD,2020,X3,EGDI,0.7083,un_egdi,2026-09-28T16:03:28+00:00
MKD,2021,X3,EGDI,,un_egdi,2026-09-28T16:03:28+00:00
MKD,2022,X3,EGDI,0.7,un_egdi,2026-09-28T16:03:28+00:00
MKD,2023,X3,EGDI,,un_egdi,2026-09-28T16:03:28+00:00
MKD,2024,X3,EGDI,0.70704,un_egdi,2026-09-28T16:03:28+00:00
MKD,2025,X3,EGDI,,un_egdi,2026-09-28T16:03:28+00:00
SRB,2012,X3,EGDI,0.63119,un_egdi,2026-09-28T16:03:28+00:00
SRB,2013,X3,EGDI,,un_egdi,2026-09-28T16:03:28+00:00
SRB,2014,X3,EGDI,0.54715,un_egdi,2026-09-28T16:03:28+00:00
SRB,2015,X3,EGDI,,un_egdi,2026-09-28T16:03:28+00:00
SRB,2016,X3,EGDI,0.71308,un_egdi,2026-09-28T16:03:28+00:00
SRB,2017,X3,EGDI,,un_egdi,2026-09-28T16:03:28+00:00
SRB,2018,X3,EGDI,0.7155,un_egdi,2026-09-28T16:03:28+00:00
SRB,2019,X3,EGDI,,un_egdi,2026-09-28T16:03:28+00:00
SRB,2020,X3,EGDI,0.7474,un_egdi,2026-09-28T16:03:28+00:00
SRB,2021,X3,EGDI,,un_egdi,2026-09-28T16:03:28+00:00
SRB,2022,X3,EGDI,0.8237,un_egdi,2026-09-28T16:03:28+00:00
SRB,2023,X3,EGDI,,un_egdi,2026-09-28T16:03:28+00:00
SRB,2024,X3,EGDI,0.86184,un_egdi,2026-09-28T16:03:28+00:00
SRB,2025,X3,EGDI,,un_egdi,2026-09-28T16:03:28+00:00
SVN,2012,X3,EGDI,0.74921,un_egdi,2026-09-28T16:03:28+00:00
SVN,2013,X3,EGDI,,un_egdi,2026-09-28T16:03:28+00:00
SVN,2014,X3,EGDI,0.65054,un_egdi,2026-09-28T16:03:28+00:00
SVN,2015,X3,EGDI,,un_egdi,2026-09-28T16:03:28+00:00
SVN,2016,X3,EGDI,0.77691,un_egdi,2026-09-28T16:03:28+00:00
SVN,2017,X3,EGDI,,un_egdi,2026-09-28T16:03:28+00:00
SVN,2018,X3,EGDI,0.7714,un_egdi,2026-09-28T16:03:28+00:00
SVN,2019,X3,EGDI,,un_egdi,2026-09-28T16:03:28+00:00
SVN,2020,X3,EGDI,0.8546,un_egdi,2026-09-28T16:03:28+00:00
SVN,2021,X3,EGDI,,un_egdi,2026-09-28T16:03:28+00:00
SVN,2022,X3,EGDI,0.8781,un_egdi,2026-09-28T16:03:28+00:00
SVN,2023,X3,EGDI,,un_egdi,2026-09-28T16:03:28+00:00
SVN,2024,X3,EGDI,0.87589,un_egdi,2026-09-28T16:03:28+00:00
SVN,2025,X3,EGDI,,un_egdi,2026-09-28T16:03:28+00:00
FRA,2012,X3,EGDI,0.86349,un_egdi,2026-09-28T16:03:28+00:00
FRA,2013,X3,EGDI,,un_egdi,2026-09-28T16:03:28+00:00
FRA,2014,X3,EGDI,0.89384,un_egdi,2026-09-28T16:03:28+00:00
FRA,2015,X3,EGDI,,un_egdi,2026-09-28T16:03:28+00:00
FRA,2016,X3,EGDI,0.84559,un_egdi,2026-09-28T16:03:28+00:00
FRA,2017,X3,EGDI,,un_egdi,2026-09-28T16:03:28+00:00
FRA,2018,X3,EGDI,0.879,un_egdi,2026-09-28T16:03:28+00:00
FRA,2019,X3,EGDI,,un_egdi,2026-09-28T16:03:28+00:00
FRA,2020,X3,EGDI,0.8718,un_egdi,2026-09-28T16:03:28+00:00
FRA,2021,X3,EGDI,,un_egdi,2026-09-28T16:03:28+00:00
FRA,2022,X3,EGDI,0.8832,un_egdi,2026-09-28T16:03:28+00:00
FRA,2023,X3,EGDI,,un_egdi,2026-09-28T16:03:28+00:00
FRA,2024,X3,EGDI,0.87442,un_egdi,2026-09-28T16:03:28+00:00
FRA,2025,X3,EGDI,,un_egdi,2026-09-28T16:03:28+00:00
GBR,2012,X3,EGDI,0.89603,un_egdi,2026-09-28T16:03:28+00:00
GBR,2013,X3,EGDI,,un_egdi,2026-09-28T16:03:28+00:00
GBR,2014,X3,EGDI,0.86948,un_egdi,2026-09-28T16:03:28+00:00
GBR,2015,X3,EGDI,,un_egdi,2026-09-28T16:03:28+00:00
GBR,2016,X3,EGDI,0.91928,un_egdi,2026-09-28T16:03:28+00:00
GBR,2017,X3,EGDI,,un_egdi,2026-09-28T16:03:28+00:00
GBR,2018,X3,EGDI,0.8999,un_egdi,2026-09-28T16:03:28+00:00
GBR,2019,X3,EGDI,,un_egdi,2026-09-28T16:03:28+00:00
GBR,2020,X3,EGDI,0.9358,un_egdi,2026-09-28T16:03:28+00:00
GBR,2021,X3,EGDI,,un_egdi,2026-09-28T16:03:28+00:00
GBR,2022,X3,EGDI,0.9138,un_egdi,2026-09-28T16:03:28+00:00
GBR,2023,X3,EGDI,,un_egdi,2026-09-28T16:03:28+00:00
GBR,2024,X3,EGDI,0.95773,un_egdi,2026-09-28T16:03:28+00:00
GBR,2025,X3,EGDI,,un_egdi,2026-09-28T16:03:28+00:00
DEU,2012,X3,EGDI,0.80788,un_egdi,2026-09-28T16:03:28+00:00
DEU,2013,X3,EGDI,,un_egdi,2026-09-28T16:03:28+00:00
DEU,2014,X3,EGDI,0.7864,un_egdi,2026-09-28T16:03:28+00:00
DEU,2015,X3,EGDI,,un_egdi,2026-09-28T16:03:28+00:00
DEU,2016,X3,EGDI,0.82099,un_egdi,2026-09-28T16:03:28+00:00
DEU,2017,X3,EGDI,,un_egdi,2026-09-28T16:03:28+00:00
DEU,2018,X3,EGDI,0.8765,un_egdi,2026-09-28T16:03:28+00:00
DEU,2019,X3,EGDI,,un_egdi,2026-09-28T16:03:28+00:00
DEU,2020,X3,EGDI,0.8524,un_egdi,2026-09-28T16:03:28+00:00
DEU,2021,X3,EGDI,,un_egdi,2026-09-28T16:03:28+00:00
DEU,2022,X3,EGDI,0.877,un_egdi,2026-09-28T16:03:28+00:00
DEU,2023,X3,EGDI,,un_egdi,2026-09-28T16:03:28+00:00
DEU,2024,X3,EGDI,0.93821,un_egdi,2026-09-28T16:03:28+00:00
DEU,2025,X3,EGDI,,un_egdi,2026-09-28T16:03:28+00:00
USA,2012,X3,EGDI,0.86873,un_egdi,2026-09-28T16:03:28+00:00
USA,2013,X3,EGDI,,un_egdi,2026-09-28T16:03:28+00:00
USA,2014,X3,EGDI,0.87483,un_egdi,2026-09-28T16:03:28+00:00
USA,2015,X3,EGDI,,un_egdi,2026-09-28T16:03:28+00:00
USA,2016,X3,EGDI,0.84201,un_egdi,2026-09-28T16:03:28+00:00
USA,2017,X3,EGDI,,un_egdi,2026-09-28T16:03:28+00:00
USA,2018,X3,EGDI,0.8769,un_egdi,2026-09-28T16:03:28+00:00
USA,2019,X3,EGDI,,un_egdi,2026-09-28T16:03:28+00:00
USA,2020,X3,EGDI,0.9297,un_egdi,2026-09-28T16:03:28+00:00
USA,2021,X3,EGDI,,un_egdi,2026-09-28T16:03:28+00:00
USA,2022,X3,EGDI,0.9151,un_egdi,2026-09-28T16:03:28+00:00
USA,2023,X3,EGDI,,un_egdi,2026-09-28T16:03:28+00:00
USA,2024,X3,EGDI,0.91945,un_egdi,2026-09-28T16:03:28+00:00
USA,2025,X3,EGDI,,un_egdi,2026-09-28T16:03:28+00:00
CAN,2012,X3,EGDI,0.84299,un_egdi,2026-09-28T16:03:28+00:00
CAN,2013,X3,EGDI,,un_egdi,2026-09-28T16:03:28+00:00
CAN,2014,X3,EGDI,0.84177,un_egdi,2026-09-28T16:03:28+00:00
CAN,2015,X3,EGDI,,un_egdi,2026-09-28T16:03:28+00:00
CAN,2016,X3,EGDI,0.82847,un_egdi,2026-09-28T16:03:28+00:00
CAN,2017,X3,EGDI,,un_egdi,2026-09-28T16:03:28+00:00
CAN,2018,X3,EGDI,0.8258,un_egdi,2026-09-28T16:03:28+00:00
CAN,2019,X3,EGDI,,un_egdi,2026-09-28T16:03:28+00:00
CAN,2020,X3,EGDI,0.842,un_egdi,2026-09-28T16:03:28+00:00
CAN,2021,X3,EGDI,,un_egdi,2026-09-28T16:03:28+00:00
CAN,2022,X3,EGDI,0.8511,un_egdi,2026-09-28T16:03:28+00:00
CAN,2023,X3,EGDI,,un_egdi,2026-09-28T16:03:28+00:00
CAN,2024,X3,EGDI,0.84516,un_egdi,2026-09-28T16:03:28+00:00
CAN,2025,X3,EGDI,,un_egdi,2026-09-28T16:03:28+00:00
AUS,2012,X3,EGDI,0.839,un_egdi,2026-09-28T16:03:28+00:00
AUS,2013,X3,EGDI,,un_egdi,2026-09-28T16:03:28+00:00
AUS,2014,X3,EGDI,0.91034,un_egdi,2026-09-28T16:03:28+00:00
AUS,2015,X3,EGDI,,un_egdi,2026-09-28T16:03:28+00:00
AUS,2016,X3,EGDI,0.91428,un_egdi,2026-09-28T16:03:28+00:00
AUS,2017,X3,EGDI,,un_egdi,2026-09-28T16:03:28+00:00
AUS,2018,X3,EGDI,0.9053,un_egdi,2026-09-28T16:03:28+00:00
AUS,2019,X3,EGDI,,un_egdi,2026-09-28T16:03:28+00:00
AUS,2020,X3,EGDI,0.9432,un_egdi,2026-09-28T16:03:28+00:00
AUS,2021,X3,EGDI,,un_egdi,2026-09-28T16:03:28+00:00
AUS,2022,X3,EGDI,0.9405,un_egdi,2026-09-28T16:03:28+00:00
AUS,2023,X3,EGDI,,un_egdi,2026-09-28T16:03:28+00:00
AUS,2024,X3,EGDI,0.9577,un_egdi,2026-09-28T16:03:28+00:00
AUS,2025,X3,EGDI,,un_egdi,2026-09-28T16:03:28+00:00
BRA,2012,X3,EGDI,0.61673,un_egdi,2026-09-28T16:03:28+00:00
BRA,2013,X3,EGDI,,un_egdi,2026-09-28T16:03:28+00:00
BRA,2014,X3,EGDI,0.60082,un_egdi,2026-09-28T16:03:28+00:00
BRA,2015,X3,EGDI,,un_egdi,2026-09-28T16:03:28+00:00
BRA,2016,X3,EGDI,0.63769,un_egdi,2026-09-28T16:03:28+00:00
BRA,2017,X3,EGDI,,un_egdi,2026-09-28T16:03:28+00:00
BRA,2018,X3,EGDI,0.7327,un_egdi,2026-09-28T16:03:28+00:00
BRA,2019,X3,EGDI,,un_egdi,2026-09-28T16:03:28+00:00
BRA,2020,X3,EGDI,0.7677,un_egdi,2026-09-28T16:03:28+00:00
BRA,2021,X3,EGDI,,un_egdi,2026-09-28T16:03:28+00:00
BRA,2022,X3,EGDI,0.791,un_egdi,2026-09-28T16:03:28+00:00
BRA,2023,X3,EGDI,,un_egdi,2026-09-28T16:03:28+00:00
BRA,2024,X3,EGDI,0.84026,un_egdi,2026-09-28T16:03:28+00:00
BRA,2025,X3,EGDI,,un_egdi,2026-09-28T16:03:28+00:00
ARG,2012,X3,EGDI,0.62279,un_egdi,2026-09-28T16:03:28+00:00
ARG,2013,X3,EGDI,,un_egdi,2026-09-28T16:03:28+00:00
ARG,2014,X3,EGDI,0.63059,un_egdi,2026-09-28T16:03:28+00:00
ARG,2015,X3,EGDI,,un_egdi,2026-09-28T16:03:28+00:00
ARG,2016,X3,EGDI,0.6978,un_egdi,2026-09-28T16:03:28+00:00
ARG,2017,X3,EGDI,,un_egdi,2026-09-28T16:03:28+00:00
ARG,2018,X3,EGDI,0.7335,un_egdi,2026-09-28T16:03:28+00:00
ARG,2019,X3,EGDI,,un_egdi,2026-09-28T16:03:28+00:00
ARG,2020,X3,EGDI,0.8279,un_egdi,2026-09-28T16:03:28+00:00
ARG,2021,X3,EGDI,,un_egdi,2026-09-28T16:03:28+00:00
ARG,2022,X3,EGDI,0.8198,un_egdi,2026-09-28T16:03:28+00:00
ARG,2023,X3,EGDI,,un_egdi,2026-09-28T16:03:28+00:00
ARG,2024,X3,EGDI,0.85733,un_egdi,2026-09-28T16:03:28+00:00
ARG,2025,X3,EGDI,,un_egdi,2026-09-28T16:03:28+00:00
IND,2012,X3,EGDI,0.38287,un_egdi,2026-09-28T16:03:28+00:00
IND,2013,X3,EGDI,,un_egdi,2026-09-28T16:03:28+00:00
IND,2014,X3,EGDI,0.38343,un_egdi,2026-09-28T16:03:28+00:00
IND,2015,X3,EGDI,,un_egdi,2026-09-28T16:03:28+00:00
IND,2016,X3,EGDI,0.46375,un_egdi,2026-09-28T16:03:28+00:00
IND,2017,X3,EGDI,,un_egdi,2026-09-28T16:03:28+00:00
IND,2018,X3,EGDI,0.5669,un_egdi,2026-09-28T16:03:28+00:00
IND,2019,X3,EGDI,,un_egdi,2026-09-28T16:03:28+00:00
IND,2020,X3,EGDI,0.5964,un_egdi,2026-09-28T16:03:28+00:00
IND,2021,X3,EGDI,,un_egdi,2026-09-28T16:03:28+00:00
IND,2022,X3,EGDI,0.5883,un_egdi,2026-09-28T16:03:28+00:00
IND,2023,X3,EGDI,,un_egdi,2026-09-28T16:03:28+00:00
IND,2024,X3,EGDI,0.66776,un_egdi,2026-09-28T16:03:28+00:00
IND,2025,X3,EGDI,,un_egdi,2026-09-28T16:03:28+00:00
MKD,2012,X10,OSI,0.45098,un_egdi,2026-09-28T16:03:28+00:00
MKD,2013,X10,OSI,,un_egdi,2026-09-28T16:03:28+00:00
MKD,2014,X10,OSI,0.24409,un_egdi,2026-09-28T16:03:28+00:00
MKD,2015,X10,OSI,,un_egdi,2026-09-28T16:03:28+00:00
MKD,2016,X10,OSI,0.6087,un_egdi,2026-09-28T16:03:28+00:00
MKD,2017,X10,OSI,,un_egdi,2026-09-28T16:03:28+00:00
MKD,2018,X10,OSI,0.7153,un_egdi,2026-09-28T16:03:28+00:00
MKD,2019,X10,OSI,,un_egdi,2026-09-28T16:03:28+00:00
MKD,2020,X10,OSI,0.7412,un_egdi,2026-09-28T16:03:28+00:00
MKD,2021,X10,OSI,,un_egdi,2026-09-28T16:03:28+00:00
MKD,2022,X10,OSI,0.702,un_egdi,2026-09-28T16:03:28+00:00
MKD,2023,X10,OSI,,un_egdi,2026-09-28T16:03:28+00:00
MKD,2024,X10,OSI,0.66415,un_egdi,2026-09-28T16:03:28+00:00
MKD,2025,X10,OSI,,un_egdi,2026-09-28T16:03:28+00:00
SRB,2012,X10,OSI,0.57516,un_egdi,2026-09-28T16:03:28+00:00
SRB,2013,X10,OSI,,un_egdi,2026-09-28T16:03:28+00:00
SRB,2014,X10,OSI,0.3937,un_egdi,2026-09-28T16:03:28+00:00
SRB,2015,X10,OSI,,un_egdi,2026-09-28T16:03:28+00:00
SRB,2016,X10,OSI,0.81884,un_egdi,2026-09-28T16:03:28+00:00
SRB,2017,X10,OSI,,un_egdi,2026-09-28T16:03:28+00:00
SRB,2018,X10,OSI,0.7361,un_egdi,2026-09-28T16:03:28+00:00
SRB,2019,X10,OSI,,un_egdi,2026-09-28T16:03:28+00:00
SRB,2020,X10,OSI,0.7941,un_egdi,2026-09-28T16:03:28+00:00
SRB,2021,X10,OSI,,un_egdi,2026-09-28T16:03:28+00:00
SRB,2022,X10,OSI,0.8514,un_egdi,2026-09-28T16:03:28+00:00
SRB,2023,X10,OSI,,un_egdi,2026-09-28T16:03:28+00:00
SRB,2024,X10,OSI,0.85397,un_egdi,2026-09-28T16:03:28+00:00
SRB,2025,X10,OSI,,un_egdi,2026-09-28T16:03:28+00:00
SVN,2012,X10,OSI,0.66666,un_egdi,2026-09-28T16:03:28+00:00
SVN,2013,X10,OSI,,un_egdi,2026-09-28T16:03:28+00:00
SVN,2014,X10,OSI,0.42519,un_egdi,2026-09-28T16:03:28+00:00
SVN,2015,X10,OSI,,un_egdi,2026-09-28T16:03:28+00:00
SVN,2016,X10,OSI,0.84783,un_egdi,2026-09-28T16:03:28+00:00
SVN,2017,X10,OSI,,un_egdi,2026-09-28T16:03:28+00:00
SVN,2018,X10,OSI,0.7986,un_egdi,2026-09-28T16:03:28+00:00
SVN,2019,X10,OSI,,un_egdi,2026-09-28T16:03:28+00:00
SVN,2020,X10,OSI,0.8529,un_egdi,2026-09-28T16:03:28+00:00
SVN,2021,X10,OSI,,un_egdi,2026-09-28T16:03:28+00:00
SVN,2022,X10,OSI,0.8666,un_egdi,2026-09-28T16:03:28+00:00
SVN,2023,X10,OSI,,un_egdi,2026-09-28T16:03:28+00:00
SVN,2024,X10,OSI,0.86396,un_egdi,2026-09-28T16:03:28+00:00
SVN,2025,X10,OSI,,un_egdi,2026-09-28T16:03:28+00:00
FRA,2012,X10,OSI,0.87581,un_egdi,2026-09-28T16:03:28+00:00
FRA,2013,X10,OSI,,un_egdi,2026-09-28T16:03:28+00:00
FRA,2014,X10,OSI,1.0,un_egdi,2026-09-28T16:03:28+00:00
FRA,2015,X10,OSI,,un_egdi,2026-09-28T16:03:28+00:00
FRA,2016,X10,OSI,0.94203,un_egdi,2026-09-28T16:03:28+00:00
FRA,2017,X10,OSI,,un_egdi,2026-09-28T16:03:28+00:00
FRA,2018,X10,OSI,0.9792,un_egdi,2026-09-28T16:03:28+00:00
FRA,2019,X10,OSI,,un_egdi,2026-09-28T16:03:28+00:00
FRA,2020,X10,OSI,0.8824,un_egdi,2026-09-28T16:03:28+00:00
FRA,2021,X10,OSI,,un_egdi,2026-09-28T16:03:28+00:00
FRA,2022,X10,OSI,0.8768,un_egdi,2026-09-28T16:03:28+00:00
FRA,2023,X10,OSI,,un_egdi,2026-09-28T16:03:28+00:00
FRA,2024,X10,OSI,0.844,un_egdi,2026-09-28T16:03:28+00:00
FRA,2025,X10,OSI,,un_egdi,2026-09-28T16:03:28+00:00
GBR,2012,X10,OSI,0.97385,un_egdi,2026-09-28T16:03:28+00:00
GBR,2013,X10,OSI,,un_egdi,2026-09-28T16:03:28+00:00
GBR,2014,X10,OSI,0.89763,un_egdi,2026-09-28T16:03:28+00:00
GBR,2015,X10,OSI,,un_egdi,2026-09-28T16:03:28+00:00
GBR,2016,X10,OSI,1.0,un_egdi,2026-09-28T16:03:28+00:00
GBR,2017,X10,OSI,,un_egdi,2026-09-28T16:03:28+00:00
GBR,2018,X10,OSI,0.9792,un_egdi,2026-09-28T16:03:28+00:00
GBR,2019,X10,OSI,,un_egdi,2026-09-28T16:03:28+00:00
GBR,2020,X10,OSI,0.9588,un_egdi,2026-09-28T16:03:28+00:00
GBR,2021,X10,OSI,,un_egdi,2026-09-28T16:03:28+00:00
GBR,2022,X10,OSI,0.8859,un_egdi,2026-09-28T16:03:28+00:00
GBR,2023,X10,OSI,,un_egdi,2026-09-28T16:03:28+00:00
GBR,2024,X10,OSI,0.95349,un_egdi,2026-09-28T16:03:28+00:00
GBR,2025,X10,OSI,,un_egdi,2026-09-28T16:03:28+00:00
DEU,2012,X10,OSI,0.75163,un_egdi,2026-09-28T16:03:28+00:00
DEU,2013,X10,OSI,,un_egdi,2026-09-28T16:03:28+00:00
DEU,2014,X10,OSI,0.66929,un_egdi,2026-09-28T16:03:28+00:00
DEU,2015,X10,OSI,,un_egdi,2026-09-28T16:03:28+00:00
DEU,2016,X10,OSI,0.84058,un_egdi,2026-09-28T16:03:28+00:00
DEU,2017,X10,OSI,,un_egdi,2026-09-28T16:03:28+00:00
DEU,2018,X10,OSI,0.9306,un_egdi,2026-09-28T16:03:28+00:00
DEU,2019,X10,OSI,,un_egdi,2026-09-28T16:03:28+00:00
DEU,2020,X10,OSI,0.7353,un_egdi,2026-09-28T16:03:28+00:00
DEU,2021,X10,OSI,,un_egdi,2026-09-28T16:03:28+00:00
DEU,2022,X10,OSI,0.7905,un_egdi,2026-09-28T16:03:28+00:00
DEU,2023,X10,OSI,,un_egdi,2026-09-28T16:03:28+00:00
DEU,2024,X10,OSI,0.92384,un_egdi,2026-09-28T16:03:28+00:00
DEU,2025,X10,OSI,,un_egdi,2026-09-28T16:03:28+00:00
USA,2012,X10,OSI,1.0,un_egdi,2026-09-28T16:03:28+00:00
USA,2013,X10,OSI,,un_egdi,2026-09-28T16:03:28+00:00
USA,2014,X10,OSI,0.94488,un_egdi,2026-09-28T16:03:28+00:00
USA,2015,X10,OSI,,un_egdi,2026-09-28T16:03:28+00:00
USA,2016,X10,OSI,0.92754,un_egdi,2026-09-28T16:03:28+00:00
USA,2017,X10,OSI,,un_egdi,2026-09-28T16:03:28+00:00
USA,2018,X10,OSI,0.9861,un_egdi,2026-09-28T16:03:28+00:00
USA,2019,X10,OSI,,un_egdi,2026-09-28T16:03:28+00:00
USA,2020,X10,OSI,0.9471,un_egdi,2026-09-28T16:03:28+00:00
USA,2021,X10,OSI,,un_egdi,2026-09-28T16:03:28+00:00
USA,2022,X10,OSI,0.9304,un_egdi,2026-09-28T16:03:28+00:00
USA,2023,X10,OSI,,un_egdi,2026-09-28T16:03:28+00:00
USA,2024,X10,OSI,0.91358,un_egdi,2026-09-28T16:03:28+00:00
USA,2025,X10,OSI,,un_egdi,2026-09-28T16:03:28+00:00
CAN,2012,X10,OSI,0.88888,un_egdi,2026-09-28T16:03:28+00:00
CAN,2013,X10,OSI,,un_egdi,2026-09-28T16:03:28+00:00
CAN,2014,X10,OSI,0.91338,un_egdi,2026-09-28T16:03:28+00:00
CAN,2015,X10,OSI,,un_egdi,2026-09-28T16:03:28+00:00
CAN,2016,X10,OSI,0.95652,un_egdi,2026-09-28T16:03:28+00:00
CAN,2017,X10,OSI,,un_egdi,2026-09-28T16:03:28+00:00
CAN,2018,X10,OSI,0.9306,un_egdi,2026-09-28T16:03:28+00:00
CAN,2019,X10,OSI,,un_egdi,2026-09-28T16:03:28+00:00
CAN,2020,X10,OSI,0.8412,un_egdi,2026-09-28T16:03:28+00:00
CAN,2021,X10,OSI,,un_egdi,2026-09-28T16:03:28+00:00
CAN,2022,X10,OSI,0.8504,un_egdi,2026-09-28T16:03:28+00:00
CAN,2023,X10,OSI,,un_egdi,2026-09-28T16:03:28+00:00
CAN,2024,X10,OSI,0.85516,un_egdi,2026-09-28T16:03:28+00:00
CAN,2025,X10,OSI,,un_egdi,2026-09-28T16:03:28+00:00
AUS,2012,X10,OSI,0.86274,un_egdi,2026-09-28T16:03:28+00:00
AUS,2013,X10,OSI,,un_egdi,2026-09-28T16:03:28+00:00
AUS,2014,X10,OSI,0.92913,un_egdi,2026-09-28T16:03:28+00:00
AUS,2015,X10,OSI,,un_egdi,2026-09-28T16:03:28+00:00
AUS,2016,X10,OSI,0.97826,un_egdi,2026-09-28T16:03:28+00:00
AUS,2017,X10,OSI,,un_egdi,2026-09-28T16:03:28+00:00
AUS,2018,X10,OSI,0.9722,un_egdi,2026-09-28T16:03:28+00:00
AUS,2019,X10,OSI,,un_egdi,2026-09-28T16:03:28+00:00
AUS,2020,X10,OSI,0.9471,un_egdi,2026-09-28T16:03:28+00:00
AUS,2021,X10,OSI,,un_egdi,2026-09-28T16:03:28+00:00
AUS,2022,X10,OSI,0.938,un_egdi,2026-09-28T16:03:28+00:00
AUS,2023,X10,OSI,,un_egdi,2026-09-28T16:03:28+00:00
AUS,2024,X10,OSI,0.92219,un_egdi,2026-09-28T16:03:28+00:00
AUS,2025,X10,OSI,,un_egdi,2026-09-28T16:03:28+00:00
BRA,2012,X10,OSI,0.6732,un_egdi,2026-09-28T16:03:28+00:00
BRA,2013,X10,OSI,,un_egdi,2026-09-28T16:03:28+00:00
BRA,2014,X10,OSI,0.59842,un_egdi,2026-09-28T16:03:28+00:00
BRA,2015,X10,OSI,,un_egdi,2026-09-28T16:03:28+00:00
BRA,2016,X10,OSI,0.73188,un_egdi,2026-09-28T16:03:28+00:00
BRA,2017,X10,OSI,,un_egdi,2026-09-28T16:03:28+00:00
BRA,2018,X10,OSI,0.9236,un_egdi,2026-09-28T16:03:28+00:00
BRA,2019,X10,OSI,,un_egdi,2026-09-28T16:03:28+00:00
BRA,2020,X10,OSI,0.8706,un_egdi,2026-09-28T16:03:28+00:00
BRA,2021,X10,OSI,,un_egdi,2026-09-28T16:03:28+00:00
BRA,2022,X10,OSI,0.8964,un_egdi,2026-09-28T16:03:28+00:00
BRA,2023,X10,OSI,,un_egdi,2026-09-28T16:03:28+00:00
BRA,2024,X10,OSI,0.90631,un_egdi,2026-09-28T16:03:28+00:00
BRA,2025,X10,OSI,,un_egdi,2026-09-28T16:03:28+00:00
ARG,2012,X10,OSI,0.52941,un_egdi,2026-09-28T16:03:28+00:00
ARG,2013,X10,OSI,,un_egdi,2026-09-28T16:03:28+00:00
ARG,2014,X10,OSI,0.55118,un_egdi,2026-09-28T16:03:28+00:00
ARG,2015,X10,OSI,,un_egdi,2026-09-28T16:03:28+00:00
ARG,2016,X10,OSI,0.71014,un_egdi,2026-09-28T16:03:28+00:00
ARG,2017,X10,OSI,,un_egdi,2026-09-28T16:03:28+00:00
ARG,2018,X10,OSI,0.75,un_egdi,2026-09-28T16:03:28+00:00
ARG,2019,X10,OSI,,un_egdi,2026-09-28T16:03:28+00:00
ARG,2020,X10,OSI,0.8471,un_egdi,2026-09-28T16:03:28+00:00
ARG,2021,X10,OSI,,un_egdi,2026-09-28T16:03:28+00:00
ARG,2022,X10,OSI,0.8089,un_egdi,2026-09-28T16:03:28+00:00
ARG,2023,X10,OSI,,un_egdi,2026-09-28T16:03:28+00:00
ARG,2024,X10,OSI,0.79649,un_egdi,2026-09-28T16:03:28+00:00
ARG,2025,X10,OSI,,un_egdi,2026-09-28T16:03:28+00:00
IND,2012,X10,OSI,0.53594,un_egdi,2026-09-28T16:03:28+00:00
IND,2013,X10,OSI,,un_egdi,2026-09-28T16:03:28+00:00
IND,2014,X10,OSI,0.5433,un_egdi,2026-09-28T16:03:28+00:00
IND,2015,X10,OSI,,un_egdi,2026-09-28T16:03:28+00:00
IND,2016,X10,OSI,0.74638,un_egdi,2026-09-28T16:03:28+00:00
IND,2017,X10,OSI,,un_egdi,2026-09-28T16:03:28+00:00
IND,2018,X10,OSI,0.9514,un_egdi,2026-09-28T16:03:28+00:00
IND,2019,X10,OSI,,un_egdi,2026-09-28T16:03:28+00:00
IND,2020,X10,OSI,0.8529,un_egdi,2026-09-28T16:03:28+00:00
IND,2021,X10,OSI,,un_egdi,2026-09-28T16:03:28+00:00
IND,2022,X10,OSI,0.7934,un_egdi,2026-09-28T16:03:28+00:00
IND,2023,X10,OSI,,un_egdi,2026-09-28T16:03:28+00:00
IND,2024,X10,OSI,0.81842,un_egdi,2026-09-28T16:03:28+00:00
IND,2025,X10,OSI,,un_egdi,2026-09-28T16:03:28+00:00
