feature,importance,method
X10_lag1,14.803122051862148,native_abs_coef
X3_lag1,11.76454238609188,native_abs_coef
C2_lag1,5.26901768838637,native_abs_coef
C1_lag1,5.1887330836409795,native_abs_coef
X8_lag1,3.475765620812252,native_abs_coef
X4_lag1,0.33401955512171827,native_abs_coef
X2_lag1,0.31165306118153757,native_abs_coef
X6_lag1,0.27010348207475615,native_abs_coef
X5_lag1,0.15269763165874461,native_abs_coef
X1_lag1,0.1283142758886746,native_abs_coef
X9_lag1,0.11699222399217045,native_abs_coef
X7_lag1,0.09908062430832985,native_abs_coef
