model,sample,term,coefficient,std_error,pvalue
beta,full,const,2.9702093196103023,0.1669374577694657,6.711986622484061e-09
beta,full,log_DMI_0,-0.676815646609185,0.04273005917252525,2.0697308585323343e-08
conditional_beta,full,const,3.40780798372856,1.0607455015208085,0.012374892993382923
conditional_beta,full,log_DMI_0,-0.6349751402407398,0.27377614165108083,0.04897120183691105
conditional_beta,full,C1,-0.08197780615523254,0.21235321962854495,0.7095275403130261
conditional_beta,full,C2,0.3085296201113755,0.5907276856460821,0.6156201354104684
beta,balkan,const,2.417362284564217,0.9782744973376419,0.24480585749210038
beta,balkan,log_DMI_0,-0.5371427381820636,0.26260823937626393,0.28948818162971596
beta,developed_eu,const,2.702078500750552,3.077903897582615,0.5413360340925601
beta,developed_eu,log_DMI_0,-0.6051273671398185,0.7203883741913842,0.5552187544797422
beta,developed_non_eu,const,0.11732898467102237,3.0478311361045325,0.975504847943695
beta,developed_non_eu,log_DMI_0,0.0015041476892465443,0.723047651061368,0.9986756491404039
beta,developing,const,3.523799277905144,0.05699755976220623,0.010296446152254347
beta,developing,log_DMI_0,-0.8475355614398276,0.01706817146516756,0.012818892026154128
