variable,from_year,to_year,n_countries,median_change_per_year,reference_abs_change_per_year,ratio,share_same_sign,statistical_flag,declared_note,status
X3,2012,2014,12,-0.004282499999999995,0.016557500000000003,0.25864411897931416,0.5833333333333334,False,,none
X3,2014,2016,12,0.02166749999999998,0.012174999999999964,1.7796714579055477,0.75,False,,none
X3,2016,2018,12,0.017075000000000007,0.014962500000000017,1.141186299081035,0.6666666666666666,False,,none
X3,2018,2020,12,0.01772499999999999,0.01278749999999998,1.3861192570870005,0.8333333333333334,False,,none
X3,2020,2022,12,0.0015999999999999903,0.017472500000000002,0.09157247102589727,0.5,False,,none
X3,2022,2024,12,0.013682500000000014,0.015562499999999979,0.8791967871485965,0.75,False,,none
X10,2012,2014,12,-0.032475000000000004,0.02459,1.3206588043920293,0.5833333333333334,False,,none
X10,2014,2016,12,0.073105,0.0222725,3.2822987989673367,0.8333333333333334,True,,detected
X10,2016,2018,12,0.019257499999999983,0.02735499999999999,0.7039846463169435,0.5833333333333334,False,,none
X10,2018,2020,12,-0.016024999999999956,0.026087499999999986,0.6142788691902239,0.6666666666666666,False,,none
X10,2020,2022,12,-0.0036750000000000116,0.028992500000000004,0.12675691989307616,0.5833333333333334,False,,none
X10,2022,2024,12,-1.750000000003138e-05,0.028992500000000004,0.0006036043804443003,0.5,False,,none
X5,2024,2025,7,0.0,,,0.42857142857142855,False,,untestable
X6,2012,2013,12,0.5850000000000009,1.1142499999999984,0.5250168274624202,0.6666666666666666,False,,none
X6,2013,2014,12,-0.4349999999999987,1.1042500000000004,0.3939325333937048,0.75,False,,none
X6,2014,2015,12,0.13000000000000256,1.138499999999997,0.11418533157663847,0.6666666666666666,False,,none
X6,2015,2016,12,-1.3900000000000006,1.0850000000000009,1.2811059907834097,0.6666666666666666,False,,none
X6,2016,2017,12,0.015000000000000568,1.138499999999997,0.013175230566535448,0.5,False,,none
X6,2017,2018,12,-0.3249999999999993,1.1514499999999988,0.28225281167223903,0.5833333333333334,False,,none
X6,2018,2019,12,0.6400000000000041,1.1042500000000004,0.5795788997056861,0.75,False,,none
X6,2019,2020,12,-1.6293500000000023,1.0610500000000016,1.535601526789501,1.0,False,,none
X6,2020,2021,12,0.7863500000000023,1.138499999999997,0.6906895037329859,0.9166666666666666,False,,none
X6,2021,2022,12,-1.1431499999999968,1.1042500000000004,1.0352275299977327,0.8333333333333334,False,,none
X6,2022,2023,12,1.6140000000000043,1.0650000000000013,1.515492957746481,0.9166666666666666,False,,none
X6,2023,2024,12,-1.0259999999999998,1.1142499999999984,0.9207987435494739,0.9166666666666666,False,,none
X6,2024,2025,12,-0.3099499999999953,1.138499999999997,0.2722441809398297,0.8333333333333334,False,,none
X7,2019,2020,12,57.119,1.7814999999999976,32.062307044625356,1.0,True,0-10 scale and four clusters replaced by 0-100 scale and three pillars,declared_and_detected
X7,2020,2021,12,2.596,2.500700000000002,1.0381093293877706,0.9166666666666666,False,,none
X7,2021,2022,12,-0.48499999999999943,2.555200000000003,0.18980901690669963,0.6666666666666666,False,,none
X7,2022,2023,12,0.16349999999999199,2.8139499999999984,0.058103377814101916,0.5833333333333334,False,,none
X7,2023,2024,12,1.9146500000000053,2.632249999999999,0.7273815177129854,0.8333333333333334,False,,none
C2,2012,2013,12,0.003906999999999938,0.0034435000000000437,1.1346014229707821,0.9166666666666666,False,,none
C2,2013,2014,12,0.004736499999999977,0.0035695000000000032,1.326936545734689,0.8333333333333334,False,,none
C2,2014,2015,12,0.002970499999999987,0.0038374999999999937,0.7740716612377829,0.9166666666666666,False,,none
C2,2015,2016,12,0.005535000000000012,0.0033410000000000384,1.656689613888042,0.9166666666666666,False,,none
C2,2016,2017,12,0.002752499999999991,0.0038374999999999937,0.7172638436482073,0.9166666666666666,False,,none
C2,2017,2018,12,0.0024510000000000365,0.0038374999999999937,0.6386970684039194,0.75,False,,none
C2,2018,2019,12,0.0030654999999999988,0.0038374999999999937,0.7988273615635189,0.75,False,,none
C2,2019,2020,12,0.002709499999999976,0.0038374999999999937,0.706058631921819,0.8333333333333334,False,,none
C2,2020,2021,12,0.004498999999999975,0.0033410000000000384,1.3466028135288606,0.9166666666666666,False,,none
C2,2021,2022,12,0.002548500000000009,0.0038374999999999937,0.6641042345276907,0.6666666666666666,False,,none
C2,2022,2023,12,0.0,0.00405850000000002,0.0,0.08333333333333333,False,,none
