country_iso3,year,group_id,DMI,X1,X2,X3,X4,X5,X6,C1,C2
ARG,2012,developing,40.51704167420029,152.573579717014,12.211510531081,0.62279,55.79999924,,37.66,10.269031880968202,0.83
ARG,2013,developing,42.621026286146694,158.190773641398,14.6798018103935,0.62279,59.90000153,,37.66,10.282870806384087,0.83
ARG,2014,developing,42.23650505061616,142.325481008062,15.1530476974157,0.63059,64.69999695,,37.66,10.247106166335692,0.83
ARG,2015,developing,43.247631650997555,142.240711022183,15.768878045253,0.63059,68.0430641088122,,37.66,10.263578868702613,0.839
ARG,2016,developing,53.38936264786946,145.146584717972,16.5184995378051,0.6978,70.9689808206024,,,10.232867042139326,0.839
ARG,2017,developing,47.457842782748735,139.758240519621,17.7082272589602,0.6978,74.2949068657957,,31.95,10.251849687081927,0.839
ARG,2018,developing,49.056966807912495,131.224265691711,18.9758759187853,0.7335,77.7,,31.95,10.217097392537358,0.855
ARG,2019,developing,48.95859925031074,125.302657911726,19.551931344405,0.7335,79.9469520347551,,31.95,10.189776890907021,0.855
ARG,2020,developing,54.24712429114341,121.180612527028,21.1797871590669,0.8279,85.51438646,63.64,28.33,10.080674832311747,0.855
ARG,2021,developing,56.79737971857144,130.352799939601,23.1500020932515,0.8279,87.15070683,63.64,29.8,10.177334646293042,0.855
ARG,2022,developing,56.85899881087809,131.483556254876,24.6831785056628,0.8198,88.37535691,63.64,28.6,10.23369115904557,0.858
ARG,2023,developing,58.46442573240353,137.706086781571,25.3580730689248,0.8198,89.22897166,70.0,28.0,10.212089159548686,0.858
ARG,2024,developing,60.177677410251626,140.234979049333,26.0976420359532,0.8573,89.66715228,70.0,28.0,10.195110565460455,0.858
ARG,2025,developing,60.16688683225659,140.234979049333,26.0976420359532,0.8573,89.66715228,70.0,28.0,10.23446610000457,
AUS,2012,developed_non_eu,64.72788026918673,106.499711805776,25.0955644344698,0.839,79.0,,53.07,10.904190821660558,0.927
AUS,2013,developed_non_eu,66.02872202537887,107.332200908321,25.7399315811014,0.839,83.453497167,,53.07,10.913177644468051,0.927
AUS,2014,developed_non_eu,69.5129572496889,106.206237340596,27.7000785019208,0.91034,84.0,,53.07,10.923941322572663,0.927
AUS,2015,developed_non_eu,69.35215563732694,107.608142007003,28.5117731324726,0.91034,84.5605149091408,,53.07,10.930961739672082,0.929
AUS,2016,developed_non_eu,70.9885795447654,109.128813718295,30.3083074972206,0.91428,86.54000092,,,10.942525897461065,0.929
AUS,2017,developed_non_eu,71.20383667387654,107.799761578952,32.0326223266488,0.91428,86.5450488476768,,50.34,10.948731711375824,0.929
AUS,2018,developed_non_eu,72.23880907112228,110.033134941946,33.5486251312018,0.9053,90.0082016,,50.34,10.962108153044138,0.923
AUS,2019,developed_non_eu,73.13561206227975,109.752830879788,34.5434163723691,0.9053,93.60990143,,50.34,10.969036194286282,0.924
AUS,2020,developed_non_eu,70.11012488325798,104.930155780087,35.346849265518,0.9432,94.6934967,66.23,48.35,10.955365700397168,0.924
AUS,2021,developed_non_eu,71.00214261251666,105.118514623956,35.8359861455454,0.9432,96.97219849,66.23,48.3,10.973827496533854,0.924
AUS,2022,developed_non_eu,71.08833928057635,109.469171081514,36.3933201898066,0.9405,96.11940002,66.23,47.1,11.002585272014857,0.927
AUS,2023,developed_non_eu,74.44336016961951,112.513177133796,36.627426494239,0.9405,96.1160965,85.0,49.7,11.013451164144975,0.927
AUS,2024,developed_non_eu,74.68478492803831,112.581025002429,36.4788276060473,0.9577,96.13140106,85.0,49.7,11.007246295083625,0.927
AUS,2025,developed_non_eu,74.76960491421364,112.581025002429,36.4788276060473,0.9577,96.13140106,85.0,49.7,11.005329011065262,
BRA,2012,developing,35.28294589215956,126.131962754994,9.71151141846763,0.61673,48.56,,36.33,9.843324487923363,0.661
BRA,2013,developing,37.37551575125133,136.589138644321,10.7622017659472,0.61673,51.04,,36.33,9.864824994626998,0.661
BRA,2014,developing,38.04980026747927,140.304679417776,11.9790772854396,0.60082,54.5510018796392,,36.33,9.861788754185508,0.661
BRA,2015,developing,37.86173051249823,127.83616904008,12.6353840484725,0.60082,58.3279517340924,,36.33,9.817770014274203,0.681
BRA,2016,developing,44.265049001390985,120.101181531485,13.217709027651,0.63769,60.8725400681261,,,9.776842522589865,0.681
BRA,2017,developing,41.33669624635793,108.092570205646,14.1218273097456,0.63769,67.4712845236305,,33.82,9.782702011493381,0.681
BRA,2018,developing,46.74712326514217,101.602460284017,15.1537620986579,0.7327,70.4342825404361,,33.82,9.793547076650146,0.694
BRA,2019,developing,47.255149896833984,97.3747376780285,15.8621991239093,0.7327,73.9124399133589,,33.82,9.79916099744301,0.694
BRA,2020,developing,46.382748182075375,98.6456198619193,17.418059685583,0.7677,81.34269353,51.95,31.94,9.7600510213056,0.694
BRA,2021,developing,47.83230395996064,104.824727184587,19.8363162401481,0.7677,80.68989314,51.95,34.2,9.802324106010035,0.704
BRA,2022,developing,50.707612101124525,101.245468903076,20.9534469027015,0.791,80.52775094,51.95,32.5,9.82844316731525,0.707
BRA,2023,developing,55.33154060664353,101.020256020808,22.4192301618889,0.791,84.15060238,71.67,33.6,9.856386102889001,0.707
BRA,2024,developing,57.635105642774796,101.926846460424,24.079199344422,0.8403,84.46347227,71.67,33.6,9.88595299168932,0.707
BRA,2025,developing,57.788288670009194,101.926846460424,24.079199344422,0.8403,84.46347227,71.67,33.6,9.904721632031206,
CAN,2012,developed_non_eu,67.54822680984844,79.3757242462141,33.4738596726536,0.84299,83.0,,57.6,10.897383232416692,0.89
CAN,2013,developed_non_eu,68.08798709873506,80.3548920843149,34.2683042479886,0.84299,85.80000305,,57.6,10.909841209774987,0.89
CAN,2014,developed_non_eu,68.76587505667169,80.790219211487,35.2694249557112,0.84177,87.12000275,,57.6,10.928156550250732,0.89
CAN,2015,developed_non_eu,69.80656782581686,82.767383138656,36.4698589080979,0.84177,90.0,,57.6,10.92703222691698,0.894
CAN,2016,developed_non_eu,67.01689210375731,84.5919452304565,36.8232874759276,0.82847,91.16000366,,,10.926048779817654,0.894
CAN,2017,developed_non_eu,70.76335078789674,86.1024018448784,37.8276923396247,0.82847,92.70140076,,53.88,10.943981664925118,0.894
CAN,2018,developed_non_eu,71.72494533065343,89.0494584998715,38.7333531661948,0.8258,94.64,,53.88,10.956709585811806,0.899
CAN,2019,developed_non_eu,71.85412888238233,90.9589210049458,40.076756874499,0.8258,91.91290283,,53.88,10.960996957827296,0.899
CAN,2020,developed_non_eu,66.98529987522207,84.7747749116615,40.7949805592606,0.842,92.3,70.13,52.26,10.898457435584596,0.899
CAN,2021,developed_non_eu,68.13146078595348,87.4056019628826,41.6930962576979,0.842,93.93710327,70.13,53.1,10.950720494027781,0.899
CAN,2022,developed_non_eu,68.92596551760712,91.2386689983444,42.1792116530791,0.8511,94.0,70.13,50.8,10.978202049920776,0.902
CAN,2023,developed_non_eu,73.83410908619972,94.1497268194785,42.5241770773151,0.8511,94.14530182,96.67,53.8,10.969720885098281,0.902
CAN,2024,developed_non_eu,73.5649082585455,94.1059718794246,42.5238215177079,0.8452,94.353302,96.67,53.8,10.960132947066562,0.902
CAN,2025,developed_non_eu,73.55882665012467,94.1059718794246,42.5238215177079,0.8452,94.353302,96.67,53.8,10.968018591752081,
DEU,2012,developed_eu,70.02337433998167,114.191945537857,34.5501078335304,0.80788,82.3499984738392,,55.83,10.970099530183633,0.928
DEU,2013,developed_eu,71.31821529706727,123.435398879553,35.3423024244517,0.80788,84.17,,55.83,10.971332624394257,0.928
DEU,2014,developed_eu,70.32509515006288,122.308668591557,36.3409222955935,0.7864,86.1937006578756,,55.83,10.988731449244742,0.928
DEU,2015,developed_eu,70.59028241980057,117.401165117624,37.412701768023,0.7864,87.5897993525767,,55.83,10.996567717780481,0.928
DEU,2016,developed_eu,72.49964679787172,125.024012174369,38.4991067314054,0.82099,84.1652066441212,,,11.010474438530194,0.928
DEU,2017,developed_eu,77.3782127905284,132.003261888443,39.9888046312857,0.82099,84.3941537010844,,58.19,11.034331997116333,0.928
DEU,2018,developed_eu,80.75199817862642,128.945577229674,40.9651498488548,0.8765,87.037112092841,,58.19,11.042619684435062,0.943
DEU,2019,developed_eu,81.29332804473663,128.292298108313,42.1155574684512,0.8765,88.1345169091916,,58.19,11.050094343699579,0.943
DEU,2020,developed_eu,77.80070081474169,128.424798814302,43.3048696627,0.8524,89.81294133,90.91,56.55,11.007080363968935,0.943
DEU,2021,developed_eu,78.25708341576978,127.125099449404,44.0643361489671,0.8524,91.43060973,90.91,57.3,11.045012046715069,0.943
DEU,2022,developed_eu,78.44430918109686,124.158264349285,44.6186317766404,0.877,91.62984383,90.91,57.2,11.063162470656692,0.943
DEU,2023,developed_eu,79.84289840536874,124.662572774586,45.380522509099,0.877,92.4763763,90.83,58.8,11.05311284905633,0.943
DEU,2024,developed_eu,83.98175549484475,129.150921864378,45.6069242965787,0.9382,93.49999579,90.83,58.8,11.045392417546726,0.943
DEU,2025,developed_eu,83.99789112646609,129.150921864378,45.6069242965787,0.9382,93.49999579,90.83,58.8,11.048088842362658,
FRA,2012,developed_eu,68.21539442322761,97.1924631662654,37.4345529509644,0.86349,81.44,,52.83,10.818489993082492,0.816
FRA,2013,developed_eu,68.67809574161659,98.347924466483,38.7340855946258,0.86349,81.9198,,52.83,10.821108008584666,0.816
FRA,2014,developed_eu,71.98298587312662,101.132290573498,40.142215573606,0.89384,83.7510996681821,,52.83,10.826288404778559,0.816
FRA,2015,developed_eu,71.00042695994097,102.718366606519,41.387117104083,0.89384,78.0060377071902,,52.83,10.833343763005127,0.831
FRA,2016,developed_eu,69.3843199624804,103.816661597799,42.5277884451476,0.84559,79.2698113207547,,,10.839268613884457,0.831
FRA,2017,developed_eu,72.58406673814125,105.718368398783,43.6242593525939,0.84559,80.5024597243607,,54.25,10.856988637731869,0.831
FRA,2018,developed_eu,74.87017279105106,107.482434668386,44.4142292018123,0.879,82.0431867788484,,54.25,10.86972879653241,0.84
FRA,2019,developed_eu,75.5336017184505,109.600780374596,45.2765022757908,0.879,83.3397440866883,,54.25,10.886474879324254,0.817
FRA,2020,developed_eu,72.98935094487233,110.387215275645,46.471240838575,0.8718,84.70639801,84.42,53.66,10.805909220216158,0.817
FRA,2021,developed_eu,74.02415204266838,113.952719366702,47.6442336298287,0.8718,86.09548575,84.42,55.0,10.868898593896429,0.84
FRA,2022,developed_eu,74.69697376255593,115.950519429629,48.250226559098,0.8832,85.33331734,84.42,55.0,10.890680521722919,0.841
FRA,2023,developed_eu,76.13509886204955,116.687800394775,48.6688340139444,0.8832,86.83635789,89.17,56.0,10.902219155846359,0.841
FRA,2024,developed_eu,76.00143981287722,116.687800394775,48.9251978969333,0.8744,88.65381638,89.17,56.0,10.91143357996281,0.841
FRA,2025,developed_eu,75.8993758185406,116.687800394775,48.9251978969333,0.8744,88.65381638,89.17,56.0,10.917350254554389,
GBR,2012,developed_eu,77.10833384797311,122.465231814068,33.9047903389849,0.89603,87.4799984242111,,61.25,10.781030375823345,0.886
GBR,2013,developed_eu,78.12793752096974,122.184696024755,35.7819878642114,0.89603,89.8441,,61.25,10.79138930532171,0.886
GBR,2014,developed_eu,78.3601057631948,120.958261038047,36.5828488416012,0.86948,91.6133009176453,,61.25,10.81503050913861,0.886
GBR,2015,developed_eu,78.79162440554788,121.211739725133,37.7214944577347,0.86948,92.0002998740234,,61.25,10.828992364084138,0.896
GBR,2016,developed_eu,79.32122932544108,119.786558760596,38.6588569366885,0.91928,94.7758006318882,,,10.842875333637998,0.896
GBR,2017,developed_eu,81.91100727110555,119.206737402819,39.2489467665261,0.91928,90.4245504868553,,61.3,10.86721758522021,0.896
GBR,2018,developed_eu,81.93282754385038,118.184381927412,39.8293995840604,0.8999,90.692008988783,,61.3,10.877727132663901,0.922
GBR,2019,developed_eu,82.52373813784669,120.250108782533,40.022769455921,0.8999,92.5166285497138,,61.3,10.885080752969104,0.928
GBR,2020,developed_eu,82.25342657986714,117.304850715261,40.5775246507294,0.9358,94.81820132,89.61,59.78,10.777508347082708,0.928
GBR,2021,developed_eu,82.6051581146735,117.887430294308,41.1134869970784,0.9358,96.19650269,89.61,59.8,10.855925865413957,0.928
GBR,2022,developed_eu,80.54467622063811,119.833999505569,41.2867157729584,0.9138,95.46530151,89.61,59.7,10.896364587037436,0.93
GBR,2023,developed_eu,79.85125204308991,122.781542240418,41.4367685540411,0.9138,95.44719696,80.0,62.4,10.886004554881648,0.93
GBR,2024,developed_eu,82.05423857522565,121.643331373201,42.1648283773461,0.9577,95.4720993,80.0,62.4,10.885791930447674,0.93
GBR,2025,developed_eu,82.02332528601997,121.643331373201,42.1648283773461,0.9577,95.4720993,80.0,62.4,10.896611859289386,
IND,2012,developing,14.23921681535224,67.6263517922249,1.17169600055105,0.38287,11.10000038,,36.17,8.576122631845719,0.492
IND,2013,developing,14.837918338473386,68.3966708179098,1.15197793176359,0.38287,12.30000019,,36.17,8.624700392249503,0.492
IND,2014,developing,15.472298558451701,71.9366825449914,1.20020374567342,0.38343,13.5,,36.17,8.683572710188054,0.492
IND,2015,developing,16.356079283785547,75.379332347226,1.27578595315943,0.38343,14.89999962,,36.17,8.748570507214504,0.535
IND,2016,developing,21.762787140597403,83.917838213735,1.38795276378032,0.46375,16.5,,,8.815985639211323,0.535
IND,2017,developing,26.48063664124117,85.9703537817688,1.31327377028949,0.46375,18.20000076,,36.58,8.870106190966709,0.535
IND,2018,developing,32.109120642345054,85.5500756367908,1.3217822859385,0.5669,20.0813000379384,,36.58,8.921674584842592,0.555
IND,2019,developing,34.39643761265093,82.898144918237,1.37913181839908,0.5669,29.52350044,,36.58,8.949258210518808,0.555
IND,2020,developing,34.84408331941217,82.2540479927426,1.63622632751685,0.5964,43.40544313,67.53,35.59,8.880010259769668,0.555
IND,2021,developing,36.45067096213482,81.603974311212,1.9487996093033,0.5964,49.2580986,67.53,36.4,8.964268081907903,0.556
IND,2022,developing,37.83118214340052,80.1818007717416,2.35231555917724,0.5883,55.9,67.53,36.6,9.029703569562734,0.57
IND,2023,developing,45.50498821470601,80.5631998772888,2.74534696441771,0.5883,60.25230026,75.83,38.1,9.090492111270386,0.57
IND,2024,developing,49.48743292027449,79.3526921826412,3.15046250037677,0.6678,64.9434967,75.83,38.1,9.150171104580217,0.57
IND,2025,developing,50.912470315109545,79.3526921826412,3.15046250037677,0.6678,70.0,75.83,38.1,9.214239848232358,
MKD,2012,balkan,33.28877539038907,110.268442239858,15.4034279276413,0.55865,57.449947312961,,38.18,9.752082844191033,0.68
MKD,2013,balkan,35.784839966764125,111.124632440594,16.8126639116268,0.55865,65.24,,38.18,9.784604211984838,0.68
MKD,2014,balkan,31.840802605342564,111.342589695936,17.7239038498213,0.47198,68.0584815397496,,38.18,9.822939221073893,0.68
MKD,2015,balkan,31.703379830512564,105.212016364652,18.4016994838328,0.47198,70.3802030766689,,38.18,9.863450356133296,0.692
MKD,2016,balkan,42.466497500750364,104.549883518699,19.4533715332855,0.58855,72.1568144676058,,,9.894738010107423,0.692
MKD,2017,balkan,38.470964864367666,103.458690624197,20.4183259234605,0.58855,74.5168241807954,,35.29,9.909521860328104,0.692
MKD,2018,balkan,42.48855093159117,102.572291491295,22.2929498345599,0.6312,79.1677551850871,,35.29,9.942992942437037,0.698
MKD,2019,balkan,43.4663457143325,101.231634434543,23.9402500262168,0.6312,81.4128827618364,,35.29,9.988145020707973,0.698
MKD,2020,balkan,44.83190297001061,99.4723867063031,25.4041233643961,0.7083,81.40553811,58.44,33.43,9.950916891362583,0.698
MKD,2021,balkan,46.29013656958051,104.875134243923,26.9448892231031,0.7083,81.873703,58.44,34.1,10.005330548104768,0.704
MKD,2022,balkan,46.681557272132366,111.303079555687,28.0035734605346,0.7,83.85030365,58.44,28.8,10.035490488891147,0.706
MKD,2023,balkan,52.09033490285195,106.458776658176,29.1771708951077,0.7,88.5,84.17,33.0,10.062848441270585,0.706
MKD,2024,balkan,53.64375464019817,108.38712260883,29.8921727758887,0.707,93.6,84.17,33.0,10.094239539019553,0.706
MKD,2025,balkan,53.515173314162446,108.38712260883,29.8921727758887,0.707,93.1,84.17,33.0,10.130408859167302,
SRB,2012,balkan,37.64331266856816,127.199184289925,14.8105248871613,0.63119,48.09999847,,37.87,9.7977833509917,0.76
SRB,2013,balkan,39.13134192054769,128.668140961621,16.4163582396862,0.63119,53.450364175,,37.87,9.80715310866877,0.76
SRB,2014,balkan,37.06159081098118,131.35311754636,16.7418077691238,0.54715,62.0750804639377,,37.87,9.793808601877709,0.76
SRB,2015,balkan,38.3905246265982,129.383588087229,18.6568767159217,0.54715,65.3170254003801,,37.87,9.811800302806745,0.77
SRB,2016,balkan,54.33524774105001,129.17749484679,20.6094025912635,0.71308,67.0568413716938,,,9.846355225261764,0.77
SRB,2017,balkan,48.2786586679435,123.142754551775,21.1492657800305,0.71308,70.3308355269141,,35.71,9.875036210052931,0.77
SRB,2018,balkan,48.663866204782146,121.074823902706,22.2890953800272,0.7155,73.360709154564,,35.71,9.925944784835194,0.783
SRB,2019,balkan,50.136892341045254,122.047741314232,23.4424592934158,0.7155,77.4167736219802,,35.71,9.97771924292336,0.783
SRB,2020,balkan,55.05637376984156,120.216859464106,25.1834994361532,0.7474,78.36804864,80.52,34.33,9.974834663873407,0.783
SRB,2021,balkan,56.89827114218757,125.075587327252,26.4794202826056,0.7474,81.16588116,80.52,35.0,10.060760776389332,0.778
SRB,2022,balkan,61.17922962218373,129.813149647571,29.3457941392192,0.8237,83.53825397,80.52,32.3,10.112607138866297,0.78
SRB,2023,balkan,62.59552577977765,128.471147595832,31.2695286708104,0.8237,85.35746686,80.83,33.1,10.155612398683838,0.78
SRB,2024,balkan,64.86715072492385,123.822194984291,33.3746847922718,0.8618,87.69071294,80.83,33.1,10.19990913153209,0.78
SRB,2025,balkan,65.04849505304954,123.822194984291,33.3746847922718,0.8618,87.69071294,80.83,33.1,10.225693929334053,
SVN,2012,balkan,55.84951216363855,109.148058194505,24.8054736692412,0.74921,68.3499745287825,,47.32,10.51977281046203,0.886
SVN,2013,balkan,57.28639332491452,111.044907196462,25.5111136181393,0.74921,72.6756,,47.32,10.510143666117422,0.886
SVN,2014,balkan,51.509778467775256,113.019086174171,27.0022702087688,0.65054,71.5862515855601,,47.32,10.536413704554239,0.886
SVN,2015,balkan,51.8641774430584,114.271192414174,27.6233320566015,0.65054,73.0986599745829,,47.32,10.559312953134846,0.894
SVN,2016,balkan,61.99647798651266,115.736307790972,28.5889065200718,0.77691,75.4985042610791,,,10.588473852415477,0.894
SVN,2017,balkan,59.25507681647076,118.461993493049,29.180424842781,0.77691,78.8854263554775,,45.25,10.638272021214835,0.894
SVN,2018,balkan,59.07064326791046,119.153401263409,29.6086313428343,0.7714,79.7499765956562,,45.25,10.677505296778728,0.907
SVN,2019,balkan,60.407327658822275,120.568876746571,30.1395433223627,0.7714,83.1083578026717,,45.25,10.70499443849652,0.91
SVN,2020,balkan,63.39285387332084,121.331428226248,30.9930132861242,0.8546,86.60130109,67.53,42.91,10.656589078636433,0.91
SVN,2021,balkan,64.38538208629043,123.362924143622,31.5502669986288,0.8546,89.00399524,67.53,44.1,10.734714027134231,0.91
SVN,2022,balkan,65.71683200604673,126.45918075971,32.0104972135392,0.8781,88.91248552,67.53,40.6,10.75915500275801,0.912
SVN,2023,balkan,70.09462849308665,129.227963043737,31.8814801387465,0.8781,90.37794678,89.17,42.2,10.778673324558742,0.912
SVN,2024,balkan,70.80015205567881,130.86090177123,34.2332575162942,0.8759,90.76355487,89.17,42.2,10.79257205895993,0.912
SVN,2025,balkan,70.85538768278754,130.86090177123,34.2332575162942,0.8759,90.76355487,89.17,42.2,10.80143137323311,
USA,2012,developed_non_eu,70.9681801393883,96.1284261999864,29.1736109719443,0.86873,74.7,,60.31,11.020960255204994,0.9
USA,2013,developed_non_eu,70.54574308524535,97.0595305732914,29.9996164764959,0.86873,71.4,,60.31,11.034351811944425,0.9
USA,2014,developed_non_eu,71.04295122525576,99.839569071329,30.270920842,0.87483,73.0,,60.31,11.05131654802287,0.9
USA,2015,developed_non_eu,72.0242362706739,101.831958781319,31.3412129772455,0.87483,74.5542024462761,,60.31,11.072367526967415,0.9
USA,2016,developed_non_eu,69.37543716333874,102.751864866695,32.1144006365866,0.84201,85.5444212887222,,,11.082542247419385,0.9
USA,2017,developed_non_eu,75.02741069044723,102.380562632686,32.5702836317829,0.84201,87.2748891687657,,61.73,11.099892271030287,0.9
USA,2018,developed_non_eu,77.55254864342778,103.935307364,33.0559177307939,0.8769,88.498903165152,,61.73,11.123261496109643,0.903
USA,2019,developed_non_eu,78.5410952292732,105.32074052965,33.835216356436,0.8769,89.4302848575712,,61.73,11.143620497029687,0.9
USA,2020,developed_non_eu,76.30249852591466,103.855170008567,35.7156999293054,0.9297,90.34470367,64.94,60.56,11.118501643879615,0.9
USA,2021,developed_non_eu,77.2586799706068,106.324514306135,37.0074278936277,0.9297,91.2684021,64.94,61.3,11.176630460370824,0.9
USA,2022,developed_non_eu,77.42789390861331,108.785640656159,37.4887954801437,0.9151,92.72850037,64.94,61.8,11.195865978937524,0.903
USA,2023,developed_non_eu,81.1261694945346,112.410910606372,38.0939254696383,0.9151,93.52559662,84.17,63.5,11.216561437442397,0.903
USA,2024,developed_non_eu,81.70001786490164,113.190481805755,38.8571729185246,0.9195,94.69380188,84.17,63.5,11.234509361664905,0.903
USA,2025,developed_non_eu,81.75899623857697,113.190481805755,38.8571729185246,0.9195,94.69380188,84.17,63.5,11.250668233861994,
